dataset,model,level,view,n_seeds,auroc_mean,auroc_sd,auprc_mean,auprc_sd,accuracy_mean,accuracy_sd,mcc_mean,mcc_sd,f1_mean,f1_sd,precision_mean,precision_sd,recall_mean,recall_sd
davis,coldsite_dti,random,uncorrected,3,0.924001,0.001245,0.611522,0.010076,0.941829,0.000346,0.552019,0.009320,0.577597,0.012674,0.659397,0.014099,0.514695,0.027736
davis,coldsite_dti,cold_drug,uncorrected,3,0.720609,0.007542,0.201450,0.035301,0.926964,0.009779,0.209746,0.014931,0.230263,0.036670,0.336205,0.072151,0.187016,0.062775
davis,coldsite_dti,cold_target,uncorrected,3,0.856992,0.010946,0.464178,0.046572,0.932264,0.003101,0.362300,0.080895,0.351985,0.110226,0.616617,0.022307,0.255208,0.102541
davis,coldsite_dti,cold_target,unseen_by_sequence,3,0.835211,0.015111,0.304487,0.033495,0.941434,0.002333,0.230510,0.057523,0.206677,0.069519,0.486178,0.064130,0.134444,0.053576
davis,coldsite_dti,cold_pair,uncorrected,3,0.623612,0.099139,0.132470,0.028196,0.938520,0.002523,0.090594,0.012422,0.077754,0.021843,0.276923,0.052046,0.046154,0.015385
davis,coldsite_dti,cold_pair,unseen_by_sequence,3,0.606926,0.127645,0.081889,0.026155,0.953047,0.000000,0.000000,0.000000,0.000000,0.000000,0.000000,0.000000,0.000000,0.000000
davis,hyperattentiondti,random,uncorrected,3,0.936997,0.004861,0.669473,0.020587,0.945822,0.001226,0.586829,0.020439,0.610863,0.023151,0.687512,0.016056,0.551254,0.045940
davis,hyperattentiondti,cold_drug,uncorrected,3,0.760170,0.041637,0.284463,0.031858,0.932707,0.006723,0.288446,0.045329,0.312639,0.038106,0.408256,0.072967,0.254845,0.027629
davis,hyperattentiondti,cold_target,uncorrected,3,0.914827,0.001470,0.644003,0.014289,0.947694,0.001761,0.563952,0.018344,0.575517,0.019305,0.732971,0.014133,0.473958,0.022800
davis,hyperattentiondti,cold_target,unseen_by_sequence,3,0.893464,0.001393,0.488854,0.029123,0.950593,0.001734,0.432795,0.029917,0.426135,0.033010,0.652780,0.019395,0.316667,0.032146
davis,hyperattentiondti,cold_pair,uncorrected,3,0.693924,0.037534,0.186724,0.027736,0.943765,0.002019,0.176235,0.015651,0.109834,0.021597,0.611111,0.173472,0.061538,0.015385
davis,hyperattentiondti,cold_pair,unseen_by_sequence,3,0.712766,0.050243,0.092691,0.027284,0.952381,0.001154,-0.003310,0.005734,0.000000,0.000000,0.000000,0.000000,0.000000,0.000000
davis,moltrans,random,uncorrected,3,0.922609,0.001959,0.615475,0.004698,0.938613,0.000880,0.544207,0.017670,0.575267,0.019363,0.618867,0.007093,0.538351,0.036071
davis,moltrans,cold_drug,uncorrected,3,0.684784,0.019119,0.133126,0.020072,0.924005,0.008958,0.106513,0.031650,0.129867,0.032645,0.215259,0.053576,0.095930,0.030765
davis,moltrans,cold_target,uncorrected,3,0.873947,0.005981,0.531830,0.008630,0.937611,0.001707,0.480700,0.019380,0.501823,0.021922,0.624227,0.020223,0.420387,0.031277
davis,moltrans,cold_target,unseen_by_sequence,3,0.832945,0.007891,0.305682,0.014242,0.940080,0.000955,0.295727,0.021836,0.301938,0.030877,0.467528,0.014600,0.224444,0.035642
davis,moltrans,cold_pair,uncorrected,3,0.567871,0.025314,0.097347,0.024397,0.935023,0.001820,0.103592,0.066252,0.109688,0.062468,0.237266,0.095907,0.071795,0.044412
davis,moltrans,cold_pair,unseen_by_sequence,3,0.531937,0.028882,0.048609,0.004075,0.952381,0.001154,-0.003310,0.005734,0.000000,0.000000,0.000000,0.000000,0.000000,0.000000
davis,drugban,random,uncorrected,3,0.891477,0.006087,0.566642,0.022305,0.939223,0.003175,,,,,,,,
davis,drugban,cold_drug,uncorrected,3,0.694936,0.032893,0.160962,0.022715,0.927428,0.006955,,,,,,,,
davis,drugban,cold_target,uncorrected,3,0.846392,0.009516,0.471250,0.007710,0.938280,0.001802,,,,,,,,
davis,drugban,cold_target,unseen_by_sequence,3,0.800752,0.012079,0.273129,0.011275,,,,,,,,,,
davis,drugban,cold_pair,uncorrected,3,0.619760,0.030726,0.139031,0.026805,0.939103,0.006324,,,,,,,,
davis,drugban,cold_pair,unseen_by_sequence,3,0.558975,0.039577,0.061132,0.012466,,,,,,,,,,
davis,deepdta,random,uncorrected,3,0.929025,0.002290,0.631498,0.013341,0.941219,0.002033,0.555270,0.008597,0.582133,0.013278,0.649730,0.037090,0.530466,0.045990
davis,deepdta,cold_drug,uncorrected,3,0.691531,0.043745,0.199161,0.045138,0.929458,0.009389,0.188428,0.042861,0.200508,0.063801,0.337636,0.070240,0.153101,0.064763
davis,deepdta,cold_target,uncorrected,3,0.907450,0.003247,0.614630,0.003588,0.945800,0.000772,0.538448,0.014423,0.542884,0.025531,0.738986,0.037580,0.431548,0.045105
davis,deepdta,cold_target,unseen_by_sequence,3,0.884087,0.003458,0.447558,0.012203,0.948142,0.000580,0.380970,0.033006,0.363748,0.048999,0.633152,0.017680,0.257778,0.052104
davis,deepdta,cold_pair,uncorrected,3,0.727749,0.035219,0.205512,0.012476,0.943473,0.001009,0.206326,0.015729,0.163207,0.024415,0.520228,0.047166,0.097436,0.017765
davis,deepdta,cold_pair,unseen_by_sequence,3,0.748829,0.043729,0.125430,0.017816,0.953047,0.000000,0.000000,0.000000,0.000000,0.000000,0.000000,0.000000,0.000000,0.000000
