dataset,model,level,seed,view,rows,positives,positive_rate,auroc,auprc,accuracy,mcc,f1,precision,recall,predicted_positive_rate,rows_dropped,predictions_file,source,recorded_auroc,recorded_auprc,recorded_accuracy,reproduces_recorded
davis,coldsite_dti,random,1,uncorrected,6011,465.000000,0.077358,0.925435,0.612695,0.941441,0.552742,0.579952,0.651475,0.522581,0.062053,0,davis_random_coldsite_dti_seed1.csv.gz,predictions,0.925436,0.612738,0.941441,True
davis,coldsite_dti,random,2,uncorrected,6011,465.000000,0.077358,0.923188,0.600911,0.942106,0.542358,0.563910,0.675676,0.483871,0.055398,0,davis_random_coldsite_dti_seed2.csv.gz,predictions,0.923188,0.600971,0.942106,True
davis,coldsite_dti,random,3,uncorrected,6011,465.000000,0.077358,0.923380,0.620960,0.941940,0.560957,0.588928,0.651042,0.537634,0.063883,0,davis_random_coldsite_dti_seed3.csv.gz,predictions,0.923381,0.620983,0.941940,True
davis,coldsite_dti,cold_drug,1,uncorrected,5746,344.000000,0.059868,0.723251,0.190140,0.926036,0.196667,0.225865,0.302439,0.180233,0.035677,0,davis_cold_drug_coldsite_dti_seed1.csv.gz,predictions,0.723254,0.190063,0.926036,True
davis,coldsite_dti,cold_drug,2,uncorrected,5746,344.000000,0.059868,0.712101,0.173191,0.937174,0.206556,0.195991,0.419048,0.127907,0.018274,0,davis_cold_drug_coldsite_dti_seed2.csv.gz,predictions,0.712099,0.173262,0.937174,True
davis,coldsite_dti,cold_drug,3,uncorrected,5746,344.000000,0.059868,0.726474,0.241020,0.917682,0.226014,0.268934,0.287129,0.252907,0.052732,0,davis_cold_drug_coldsite_dti_seed3.csv.gz,predictions,0.726471,0.240999,0.917682,True
davis,coldsite_dti,cold_target,1,uncorrected,5984,448.000000,0.074866,0.850112,0.415134,0.929311,0.271746,0.226691,0.626263,0.138393,0.016544,0,davis_cold_target_coldsite_dti_seed1.csv.gz,predictions,0.850112,0.415134,0.929311,True
davis,coldsite_dti,cold_target,1,unseen_by_sequence,5168,300.000000,0.058050,0.819454,0.276442,0.941176,0.165745,0.126437,0.458333,0.073333,0.009288,816,davis_cold_target_coldsite_dti_seed1.csv.gz,predictions,,,,
davis,coldsite_dti,cold_target,2,uncorrected,5984,448.000000,0.074866,0.851250,0.507803,0.935495,0.427426,0.434018,0.632479,0.330357,0.039104,0,davis_cold_target_coldsite_dti_seed2.csv.gz,predictions,0.851250,0.507803,0.935495,True
davis,coldsite_dti,cold_target,2,unseen_by_sequence,5168,300.000000,0.058050,0.849580,0.341575,0.943885,0.275659,0.244792,0.559524,0.156667,0.016254,816,davis_cold_target_coldsite_dti_seed2.csv.gz,predictions,,,,
davis,coldsite_dti,cold_target,3,uncorrected,5984,448.000000,0.074866,0.869614,0.469597,0.931985,0.387729,0.395245,0.591111,0.296875,0.037600,0,davis_cold_target_coldsite_dti_seed3.csv.gz,predictions,0.869614,0.469597,0.931985,True
davis,coldsite_dti,cold_target,3,unseen_by_sequence,5168,300.000000,0.058050,0.836600,0.295443,0.939241,0.250126,0.248804,0.440678,0.173333,0.022833,816,davis_cold_target_coldsite_dti_seed3.csv.gz,predictions,,,,
davis,coldsite_dti,cold_pair,1,uncorrected,1144,65.000000,0.056818,0.737520,0.164549,0.937063,0.080561,0.076923,0.230769,0.046154,0.011364,0,davis_cold_pair_coldsite_dti_seed1.csv.gz,predictions,0.737520,0.164549,0.937063,True
davis,coldsite_dti,cold_pair,1,unseen_by_sequence,1001,47.000000,0.046953,0.751595,0.110151,0.953047,0.000000,0.000000,0.000000,0.000000,0.000000,143,davis_cold_pair_coldsite_dti_seed1.csv.gz,predictions,,,,
davis,coldsite_dti,cold_pair,2,uncorrected,1144,65.000000,0.056818,0.556798,0.121243,0.937063,0.104487,0.100000,0.266667,0.061538,0.013112,0,davis_cold_pair_coldsite_dti_seed2.csv.gz,predictions,0.556798,0.121243,0.937063,True
davis,coldsite_dti,cold_pair,2,unseen_by_sequence,1001,47.000000,0.046953,0.510170,0.076980,0.953047,0.000000,0.000000,0.000000,0.000000,0.000000,143,davis_cold_pair_coldsite_dti_seed2.csv.gz,predictions,,,,
davis,coldsite_dti,cold_pair,3,uncorrected,1144,65.000000,0.056818,0.576517,0.111617,0.941434,0.086733,0.056338,0.333333,0.030769,0.005245,0,davis_cold_pair_coldsite_dti_seed3.csv.gz,predictions,0.576517,0.111617,0.941434,True
davis,coldsite_dti,cold_pair,3,unseen_by_sequence,1001,47.000000,0.046953,0.559012,0.058537,0.953047,0.000000,0.000000,0.000000,0.000000,0.000000,143,davis_cold_pair_coldsite_dti_seed3.csv.gz,predictions,,,,
davis,hyperattentiondti,random,1,uncorrected,6011,465.000000,0.077358,0.940107,0.688886,0.946764,0.609606,0.637188,0.673861,0.604301,0.069373,0,davis_random_hyperattentiondti_seed1.csv.gz,predictions,0.940107,0.688886,0.946764,True
davis,hyperattentiondti,random,2,uncorrected,6011,465.000000,0.077358,0.939488,0.671649,0.946265,0.580792,0.601726,0.705202,0.524731,0.057561,0,davis_random_hyperattentiondti_seed2.csv.gz,predictions,0.939488,0.671649,0.946265,True
davis,hyperattentiondti,random,3,uncorrected,6011,465.000000,0.077358,0.931396,0.647884,0.944435,0.570088,0.593674,0.683473,0.524731,0.059391,0,davis_random_hyperattentiondti_seed3.csv.gz,predictions,0.931396,0.647884,0.944435,True
davis,hyperattentiondti,cold_drug,1,uncorrected,5746,344.000000,0.059868,0.720116,0.249428,0.925687,0.256328,0.291874,0.339768,0.255814,0.045075,0,davis_cold_drug_hyperattentiondti_seed1.csv.gz,predictions,0.720117,0.249429,0.925687,True
davis,hyperattentiondti,cold_drug,2,uncorrected,5746,344.000000,0.059868,0.757170,0.311694,0.939088,0.340297,0.356618,0.485000,0.281977,0.034807,0,davis_cold_drug_hyperattentiondti_seed2.csv.gz,predictions,0.757170,0.311694,0.939088,True
davis,hyperattentiondti,cold_drug,3,uncorrected,5746,344.000000,0.059868,0.803226,0.292266,0.933345,0.268713,0.289425,0.400000,0.226744,0.033937,0,davis_cold_drug_hyperattentiondti_seed3.csv.gz,predictions,0.803226,0.292266,0.933345,True
davis,hyperattentiondti,cold_target,1,uncorrected,5984,448.000000,0.074866,0.915160,0.637654,0.945856,0.546456,0.558583,0.716783,0.457589,0.047794,0,davis_cold_target_hyperattentiondti_seed1.csv.gz,predictions,0.915160,0.637654,0.945856,True
davis,hyperattentiondti,cold_target,1,unseen_by_sequence,5168,300.000000,0.058050,0.893773,0.478511,0.949497,0.412330,0.402746,0.642336,0.293333,0.026509,816,davis_cold_target_hyperattentiondti_seed1.csv.gz,predictions,,,,
davis,hyperattentiondti,cold_target,2,uncorrected,5984,448.000000,0.074866,0.916101,0.660367,0.949365,0.583040,0.596538,0.739274,0.500000,0.050635,0,davis_cold_target_hyperattentiondti_seed2.csv.gz,predictions,0.916101,0.660367,0.949365,True
davis,hyperattentiondti,cold_target,2,unseen_by_sequence,5168,300.000000,0.058050,0.894676,0.521737,0.952593,0.467129,0.463895,0.675159,0.353333,0.030379,816,davis_cold_target_hyperattentiondti_seed2.csv.gz,predictions,,,,
davis,hyperattentiondti,cold_target,3,uncorrected,5984,448.000000,0.074866,0.913219,0.633989,0.947861,0.562360,0.571429,0.742857,0.464286,0.046791,0,davis_cold_target_hyperattentiondti_seed3.csv.gz,predictions,0.913219,0.633989,0.947861,True
davis,hyperattentiondti,cold_target,3,unseen_by_sequence,5168,300.000000,0.058050,0.891943,0.466315,0.949690,0.418924,0.411765,0.640845,0.303333,0.027477,816,davis_cold_target_hyperattentiondti_seed3.csv.gz,predictions,,,,
davis,hyperattentiondti,cold_pair,1,uncorrected,1144,65.000000,0.056818,0.696443,0.156733,0.944930,0.177371,0.086957,0.750000,0.046154,0.003497,0,davis_cold_pair_hyperattentiondti_seed1.csv.gz,predictions,0.696443,0.156733,0.944930,True
davis,hyperattentiondti,cold_pair,1,unseen_by_sequence,1001,47.000000,0.046953,0.715911,0.081991,0.953047,0.000000,0.000000,0.000000,0.000000,0.000000,143,davis_cold_pair_hyperattentiondti_seed1.csv.gz,predictions,,,,
davis,hyperattentiondti,cold_pair,2,uncorrected,1144,65.000000,0.056818,0.655194,0.191991,0.944930,0.191287,0.112676,0.666667,0.061538,0.005245,0,davis_cold_pair_hyperattentiondti_seed2.csv.gz,predictions,0.655194,0.191991,0.944930,True
davis,hyperattentiondti,cold_pair,2,unseen_by_sequence,1001,47.000000,0.046953,0.661024,0.072380,0.953047,0.000000,0.000000,0.000000,0.000000,0.000000,143,davis_cold_pair_hyperattentiondti_seed2.csv.gz,predictions,,,,
davis,hyperattentiondti,cold_pair,3,uncorrected,1144,65.000000,0.056818,0.730135,0.211449,0.941434,0.160046,0.129870,0.416667,0.076923,0.010490,0,davis_cold_pair_hyperattentiondti_seed3.csv.gz,predictions,0.730135,0.211449,0.941434,True
davis,hyperattentiondti,cold_pair,3,unseen_by_sequence,1001,47.000000,0.046953,0.761363,0.123704,0.951049,-0.009931,0.000000,0.000000,0.000000,0.001998,143,davis_cold_pair_hyperattentiondti_seed3.csv.gz,predictions,,,,
davis,moltrans,random,1,uncorrected,6011,465.000000,0.077358,0.922115,0.619471,0.938280,0.550112,0.582677,0.610849,0.556989,0.070537,0,davis_random_moltrans_seed1.csv.gz,predictions,0.921960,0.618794,0.939444,True
davis,moltrans,random,2,uncorrected,6011,465.000000,0.077358,0.924767,0.610300,0.939611,0.558168,0.589831,0.621429,0.561290,0.069872,0,davis_random_moltrans_seed2.csv.gz,predictions,0.925391,0.611679,0.939278,True
davis,moltrans,random,3,uncorrected,6011,465.000000,0.077358,0.920944,0.616655,0.937947,0.524341,0.553293,0.624324,0.496774,0.061554,0,davis_random_moltrans_seed3.csv.gz,predictions,0.921102,0.616813,0.937614,True
davis,moltrans,cold_drug,1,uncorrected,5746,344.000000,0.059868,0.668420,0.110611,0.913679,0.100176,0.141869,0.175214,0.119186,0.040724,0,davis_cold_drug_moltrans_seed1.csv.gz,predictions,0.667724,0.110047,0.913679,True
davis,moltrans,cold_drug,2,uncorrected,5746,344.000000,0.059868,0.680134,0.149147,0.928646,0.078511,0.092920,0.194444,0.061047,0.018796,0,davis_cold_drug_moltrans_seed2.csv.gz,predictions,0.680167,0.150543,0.928820,True
davis,moltrans,cold_drug,3,uncorrected,5746,344.000000,0.059868,0.705800,0.139620,0.929690,0.140852,0.154812,0.276119,0.107558,0.023321,0,davis_cold_drug_moltrans_seed3.csv.gz,predictions,0.706277,0.139459,0.929864,True
davis,moltrans,cold_target,1,uncorrected,5984,448.000000,0.074866,0.867293,0.527494,0.938837,0.502464,0.527132,0.625767,0.455357,0.054479,0,davis_cold_target_moltrans_seed1.csv.gz,predictions,0.867992,0.528627,0.939338,True
davis,moltrans,cold_target,1,unseen_by_sequence,5168,300.000000,0.058050,0.824251,0.289811,0.939628,0.320731,0.336170,0.464706,0.263333,0.032895,816,davis_cold_target_moltrans_seed1.csv.gz,predictions,,,,
davis,moltrans,cold_target,2,uncorrected,5984,448.000000,0.074866,0.878875,0.526227,0.935662,0.465309,0.488712,0.603279,0.410714,0.050969,0,davis_cold_target_moltrans_seed2.csv.gz,predictions,0.878513,0.523915,0.934993,True
davis,moltrans,cold_target,2,unseen_by_sequence,5168,300.000000,0.058050,0.839654,0.309886,0.939435,0.286039,0.293454,0.454545,0.216667,0.027670,816,davis_cold_target_moltrans_seed2.csv.gz,predictions,,,,
davis,moltrans,cold_target,3,uncorrected,5984,448.000000,0.074866,0.875672,0.541768,0.938336,0.474327,0.489627,0.643636,0.395089,0.045956,0,davis_cold_target_moltrans_seed3.csv.gz,predictions,0.875572,0.542280,0.938670,True
davis,moltrans,cold_target,3,unseen_by_sequence,5168,300.000000,0.058050,0.834931,0.317348,0.941176,0.280412,0.276190,0.483333,0.193333,0.023220,816,davis_cold_target_moltrans_seed3.csv.gz,predictions,,,,
davis,moltrans,cold_pair,1,uncorrected,1144,65.000000,0.056818,0.596250,0.123774,0.937063,0.180063,0.181818,0.347826,0.123077,0.020105,0,davis_cold_pair_moltrans_seed1.csv.gz,predictions,0.589877,0.123079,0.937937,False
davis,moltrans,cold_pair,1,unseen_by_sequence,1001,47.000000,0.046953,0.555422,0.052680,0.953047,0.000000,0.000000,0.000000,0.000000,0.000000,143,davis_cold_pair_moltrans_seed1.csv.gz,predictions,,,,
davis,moltrans,cold_pair,2,uncorrected,1144,65.000000,0.056818,0.559749,0.092585,0.934441,0.067232,0.074074,0.187500,0.046154,0.013986,0,davis_cold_pair_moltrans_seed2.csv.gz,predictions,0.567391,0.095073,0.934441,False
davis,moltrans,cold_pair,2,unseen_by_sequence,1001,47.000000,0.046953,0.499688,0.044530,0.953047,0.000000,0.000000,0.000000,0.000000,0.000000,143,davis_cold_pair_moltrans_seed2.csv.gz,predictions,,,,
davis,moltrans,cold_pair,3,uncorrected,1144,65.000000,0.056818,0.547615,0.075682,0.933566,0.063481,0.073171,0.176471,0.046154,0.014860,0,davis_cold_pair_moltrans_seed3.csv.gz,predictions,0.548271,0.075802,0.933566,True
davis,moltrans,cold_pair,3,unseen_by_sequence,1001,47.000000,0.046953,0.540702,0.048617,0.951049,-0.009931,0.000000,0.000000,0.000000,0.001998,143,davis_cold_pair_moltrans_seed3.csv.gz,predictions,,,,
davis,drugban,random,1,uncorrected,6011,,,0.893957,0.587195,0.941607,,,,,,0,,recorded,0.893957,0.587195,0.941607,
davis,drugban,random,2,uncorrected,6011,,,0.884542,0.542923,0.935618,,,,,,0,,recorded,0.884542,0.542923,0.935618,
davis,drugban,random,3,uncorrected,6011,,,0.895933,0.569808,0.940443,,,,,,0,,recorded,0.895933,0.569808,0.940443,
davis,drugban,cold_drug,1,uncorrected,5746,,,0.699710,0.185192,0.933693,,,,,,0,,recorded,0.699710,0.185192,0.933693,
davis,drugban,cold_drug,2,uncorrected,5746,,,0.725182,0.157547,0.919944,,,,,,0,,recorded,0.725182,0.157547,0.919944,
davis,drugban,cold_drug,3,uncorrected,5746,,,0.659918,0.140148,0.928646,,,,,,0,,recorded,0.659918,0.140148,0.928646,
davis,drugban,cold_target,1,uncorrected,5984,,,0.850151,0.470740,0.940341,,,,,,0,,recorded,0.850151,0.470740,0.940341,
davis,drugban,cold_target,1,unseen_by_sequence,5168,,0.058050,0.809357,0.265488,,,,,,,816,,recorded,,,,
davis,drugban,cold_target,2,uncorrected,5984,,,0.853455,0.479203,0.937500,,,,,,0,,recorded,0.853455,0.479203,0.937500,
davis,drugban,cold_target,2,unseen_by_sequence,5168,,0.058050,0.805956,0.286078,,,,,,,816,,recorded,,,,
davis,drugban,cold_target,3,uncorrected,5984,,,0.835571,0.463809,0.936999,,,,,,0,,recorded,0.835571,0.463809,0.936999,
davis,drugban,cold_target,3,unseen_by_sequence,5168,,0.058050,0.786943,0.267822,,,,,,,816,,recorded,,,,
davis,drugban,cold_pair,1,uncorrected,1144,,,0.629172,0.139805,0.942308,,,,,,0,,recorded,0.629172,0.139805,0.942308,
davis,drugban,cold_pair,1,unseen_by_sequence,1001,,0.046953,0.584170,0.068887,,,,,,,143,,recorded,,,,
davis,drugban,cold_pair,2,uncorrected,1144,,,0.585428,0.111847,0.931818,,,,,,0,,recorded,0.585428,0.111847,0.931818,
davis,drugban,cold_pair,2,unseen_by_sequence,1001,,0.046953,0.513359,0.046752,,,,,,,143,,recorded,,,,
davis,drugban,cold_pair,3,uncorrected,1144,,,0.644678,0.165441,0.943182,,,,,,0,,recorded,0.644678,0.165441,0.943182,
davis,drugban,cold_pair,3,unseen_by_sequence,1001,,0.046953,0.579397,0.067757,,,,,,,143,,recorded,,,,
davis,deepdta,random,1,uncorrected,6011,465.000000,0.077358,0.931653,0.631692,0.939444,0.564908,0.597345,0.615034,0.580645,0.073033,0,davis_random_deepdta_seed1.csv.gz,predictions,0.931653,0.631692,0.939444,True
davis,deepdta,random,2,uncorrected,6011,465.000000,0.077358,0.927969,0.644741,0.943437,0.552511,0.572864,0.688822,0.490323,0.055066,0,davis_random_deepdta_seed2.csv.gz,predictions,0.927969,0.644739,0.943437,True
davis,deepdta,random,3,uncorrected,6011,465.000000,0.077358,0.927453,0.618061,0.940775,0.548390,0.576190,0.645333,0.520430,0.062386,0,davis_random_deepdta_seed3.csv.gz,predictions,0.927453,0.618058,0.940775,True
davis,deepdta,cold_drug,1,uncorrected,5746,344.000000,0.059868,0.737688,0.250370,0.931953,0.235882,0.255238,0.370166,0.194767,0.031500,0,davis_cold_drug_deepdta_seed1.csv.gz,predictions,0.737688,0.250370,0.931953,True
davis,deepdta,cold_drug,2,uncorrected,5746,344.000000,0.059868,0.650684,0.181964,0.937348,0.152528,0.130435,0.385714,0.078488,0.012182,0,davis_cold_drug_deepdta_seed2.csv.gz,predictions,0.650683,0.181964,0.937348,True
davis,deepdta,cold_drug,3,uncorrected,5746,344.000000,0.059868,0.686222,0.165149,0.919074,0.176875,0.215852,0.257028,0.186047,0.043334,0,davis_cold_drug_deepdta_seed3.csv.gz,predictions,0.686223,0.165150,0.919074,True
davis,deepdta,cold_target,1,uncorrected,5984,448.000000,0.074866,0.903943,0.610930,0.945354,0.522485,0.516987,0.764192,0.390625,0.038269,0,davis_cold_target_deepdta_seed1.csv.gz,predictions,0.903944,0.610931,0.945354,True
davis,deepdta,cold_target,1,unseen_by_sequence,5168,300.000000,0.058050,0.880094,0.433488,0.947562,0.349810,0.317380,0.649485,0.210000,0.018769,816,davis_cold_target_deepdta_seed1.csv.gz,predictions,,,,
davis,deepdta,cold_target,2,uncorrected,5984,448.000000,0.074866,0.910353,0.618096,0.946691,0.542316,0.543634,0.756972,0.424107,0.041945,0,davis_cold_target_deepdta_seed2.csv.gz,predictions,0.910353,0.618096,0.946691,True
davis,deepdta,cold_target,2,unseen_by_sequence,5168,300.000000,0.058050,0.886083,0.455262,0.948142,0.377543,0.358852,0.635593,0.250000,0.022833,816,davis_cold_target_deepdta_seed2.csv.gz,predictions,,,,
davis,deepdta,cold_target,3,uncorrected,5984,448.000000,0.074866,0.908054,0.614864,0.945354,0.550543,0.568032,0.695793,0.479911,0.051638,0,davis_cold_target_deepdta_seed3.csv.gz,predictions,0.908054,0.614864,0.945354,True
davis,deepdta,cold_target,3,unseen_by_sequence,5168,300.000000,0.058050,0.886085,0.453922,0.948723,0.415555,0.415011,0.614379,0.313333,0.029605,816,davis_cold_target_deepdta_seed3.csv.gz,predictions,,,,
davis,deepdta,cold_pair,1,uncorrected,1144,65.000000,0.056818,0.768019,0.210553,0.942308,0.204071,0.175000,0.466667,0.107692,0.013112,0,davis_cold_pair_deepdta_seed1.csv.gz,predictions,0.768019,0.210553,0.942308,True
davis,deepdta,cold_pair,1,unseen_by_sequence,1001,47.000000,0.046953,0.798921,0.145771,0.953047,0.000000,0.000000,0.000000,0.000000,0.000000,143,davis_cold_pair_deepdta_seed1.csv.gz,predictions,,,,
davis,deepdta,cold_pair,2,uncorrected,1144,65.000000,0.056818,0.712526,0.214678,0.944056,0.191846,0.135135,0.555556,0.076923,0.007867,0,davis_cold_pair_deepdta_seed2.csv.gz,predictions,0.712526,0.214678,0.944056,True
davis,deepdta,cold_pair,2,unseen_by_sequence,1001,47.000000,0.046953,0.729292,0.112598,0.953047,0.000000,0.000000,0.000000,0.000000,0.000000,143,davis_cold_pair_deepdta_seed2.csv.gz,predictions,,,,
davis,deepdta,cold_pair,3,uncorrected,1144,65.000000,0.056818,0.702702,0.191305,0.944056,0.223061,0.179487,0.538462,0.107692,0.011364,0,davis_cold_pair_deepdta_seed3.csv.gz,predictions,0.702702,0.191305,0.944056,True
davis,deepdta,cold_pair,3,unseen_by_sequence,1001,47.000000,0.046953,0.718275,0.117921,0.953047,0.000000,0.000000,0.000000,0.000000,0.000000,143,davis_cold_pair_deepdta_seed3.csv.gz,predictions,,,,
