dataset,model,level,seed,auroc,auroc_uncorrected,precision_at_10,chance,n_proteins,enrichment
davis,coldsite_dti,random,1,0.925435,0.925435,0.022923,0.020343,349,1.126824
davis,coldsite_dti,random,2,0.923188,0.923188,0.009456,0.020343,349,0.464815
davis,coldsite_dti,random,3,0.923380,0.923380,0.012894,0.020343,349,0.633839
davis,coldsite_dti,cold_drug,1,0.723251,0.723251,0.026934,0.020473,349,1.315587
davis,coldsite_dti,cold_drug,2,0.712101,0.712101,0.026648,0.020473,349,1.301591
davis,coldsite_dti,cold_drug,3,0.726474,0.726474,0.011461,0.020473,349,0.559824
davis,coldsite_dti,cold_target,1,0.819454,0.850112,0.014706,0.019401,68,0.757978
davis,coldsite_dti,cold_target,2,0.849580,0.851250,0.019118,0.019401,68,0.985371
davis,coldsite_dti,cold_target,3,0.836600,0.869614,0.017647,0.019401,68,0.909573
davis,coldsite_dti,cold_pair,1,0.751595,0.737520,0.018056,0.018786,72,0.961112
davis,coldsite_dti,cold_pair,2,0.510170,0.556798,0.012500,0.018786,72,0.665385
davis,coldsite_dti,cold_pair,3,0.559012,0.576517,0.008333,0.018786,72,0.443590
davis,hyperattentiondti,random,1,0.940107,0.940107,0.034670,0.020343,349,1.704321
davis,hyperattentiondti,random,2,0.939488,0.939488,0.039255,0.020343,349,1.929686
davis,hyperattentiondti,random,3,0.931396,0.931396,0.027794,0.020343,349,1.366274
davis,hyperattentiondti,cold_drug,1,0.720116,0.720116,0.024928,0.020473,349,1.217618
davis,hyperattentiondti,cold_drug,2,0.757170,0.757170,0.076791,0.020473,349,3.750822
davis,hyperattentiondti,cold_drug,3,0.803226,0.803226,0.019484,0.020473,349,0.951701
davis,hyperattentiondti,cold_target,1,0.893773,0.915160,0.017647,0.019401,68,0.909573
davis,hyperattentiondti,cold_target,2,0.894676,0.916101,0.030882,0.019401,68,1.591753
davis,hyperattentiondti,cold_target,3,0.891943,0.913219,0.025000,0.019401,68,1.288562
davis,hyperattentiondti,cold_pair,1,0.715911,0.696443,0.012500,0.018786,72,0.665385
davis,hyperattentiondti,cold_pair,2,0.661024,0.655194,0.022222,0.018786,72,1.182907
davis,hyperattentiondti,cold_pair,3,0.761363,0.730135,0.031944,0.018786,72,1.700429
davis,moltrans,random,1,0.922115,0.922115,0.024355,0.020343,349,1.197251
davis,moltrans,random,2,0.924767,0.924767,0.020630,0.020343,349,1.014142
davis,moltrans,random,3,0.920944,0.920944,0.019198,0.020343,349,0.943715
davis,moltrans,cold_drug,1,0.668420,0.668420,0.021777,0.020473,349,1.063666
davis,moltrans,cold_drug,2,0.680134,0.680134,0.031805,0.020473,349,1.553512
davis,moltrans,cold_drug,3,0.705800,0.705800,0.024355,0.020473,349,1.189626
davis,moltrans,cold_target,1,0.824251,0.867293,0.011765,0.019401,68,0.606382
davis,moltrans,cold_target,2,0.839654,0.878875,0.038235,0.019401,68,1.970742
davis,moltrans,cold_target,3,0.834931,0.875672,0.029412,0.019401,68,1.515955
davis,moltrans,cold_pair,1,0.555422,0.596250,0.004167,0.018786,72,0.221795
davis,moltrans,cold_pair,2,0.499688,0.559749,0.031944,0.018786,72,1.700429
davis,moltrans,cold_pair,3,0.540702,0.547615,0.023611,0.018786,72,1.256839
davis,drugban,random,1,0.893957,0.893957,0.019198,0.020343,349,0.943715
davis,drugban,random,2,0.884542,0.884542,0.014613,0.020343,349,0.718350
davis,drugban,random,3,0.895933,0.895933,0.019198,0.020343,349,0.943715
davis,drugban,cold_drug,1,0.699710,0.699710,0.021777,0.020473,349,1.063666
davis,drugban,cold_drug,2,0.725182,0.725182,0.020630,0.020473,349,1.007684
davis,drugban,cold_drug,3,0.659918,0.659918,0.020630,0.020473,349,1.007684
davis,drugban,cold_target,1,0.809357,0.850151,0.017647,0.019401,68,0.909573
davis,drugban,cold_target,2,0.805956,0.853455,0.027941,0.019401,68,1.440158
davis,drugban,cold_target,3,0.786943,0.835571,0.022059,0.019401,68,1.136967
davis,drugban,cold_pair,1,0.584170,0.629172,0.036111,0.018786,72,1.922224
davis,drugban,cold_pair,2,0.513359,0.585428,0.022222,0.018786,72,1.182907
davis,drugban,cold_pair,3,0.579397,0.644678,0.023611,0.018786,72,1.256839
