cell,predictions_file,predictions_sha256,rows,checkpoint_file,checkpoint_sha256,device,torch
davis_random_coldsite_dti_seed1,davis_random_coldsite_dti_seed1.csv.gz,eafd34071a87c120945fd62728a56d8a2a1b18272cf77c1e9e28d3db601838d2,6011,coldsite_dti_davis_random_binary_seed1.pt,8944bfb9939b30428df4322e905bb260a7f796919ccbf1f6cce1c7f1567d48b8,mps,2.13.0
davis_random_coldsite_dti_seed2,davis_random_coldsite_dti_seed2.csv.gz,220914366368ef92d4a428a06e4bd076a2f50888e94b43c1602a4cb1a842d565,6011,coldsite_dti_davis_random_binary_seed2.pt,42462c9e65356ec0bf0240d1d0e84161c50d574270bb54908156187723db08e5,mps,2.13.0
davis_random_coldsite_dti_seed3,davis_random_coldsite_dti_seed3.csv.gz,576447445e9d7e59449e84472acd6830a2c806a27800854b8895e457ae6f1f0a,6011,coldsite_dti_davis_random_binary_seed3.pt,d521bd6a897044310eee7470a23dec8637fff3489648f2b9e6a91bd8e8df068e,mps,2.13.0
davis_cold_drug_coldsite_dti_seed1,davis_cold_drug_coldsite_dti_seed1.csv.gz,67860f95bcfbb2f869519c0de6bc4f8cad513cb92b5d87842350f0a612c9e82d,5746,coldsite_dti_davis_cold_drug_binary_seed1.pt,d85d247698cdc028d8f2edc5ec9fad8701cd627a490c000e7a0eb57aa2d768aa,mps,2.13.0
davis_cold_drug_coldsite_dti_seed2,davis_cold_drug_coldsite_dti_seed2.csv.gz,44693c57fcef3ec6cc6a6eb0c88fe49908de86229bb4e33f37e4069802c01097,5746,coldsite_dti_davis_cold_drug_binary_seed2.pt,164ccfd3057a6ff09e7d041cef35bb72a8fe2325581d7667eb9563c5e85907c6,mps,2.13.0
davis_cold_drug_coldsite_dti_seed3,davis_cold_drug_coldsite_dti_seed3.csv.gz,b164fad50c2eba152c8a1ed95e071a4c603e891a5d4fe8390b8b2ec8875d09d3,5746,coldsite_dti_davis_cold_drug_binary_seed3.pt,32abc47237b4f8ac9112ce24b8af65338f20c912bc749691a8316a65668a0923,mps,2.13.0
davis_cold_target_coldsite_dti_seed1,davis_cold_target_coldsite_dti_seed1.csv.gz,910697e93878c7dc33dd656c65231953c0ac67598a64bb40d4e957e4ac86f7ca,5984,coldsite_dti_davis_cold_target_binary_seed1.pt,a8b0e00e17310cc7d3a7c6872312cd836a4c733141bcb9ecc8ff688016b2ec4d,mps,2.13.0
davis_cold_target_coldsite_dti_seed2,davis_cold_target_coldsite_dti_seed2.csv.gz,f065a9f38c0f31f470168d1bc734fabd3d44f16d3aaaa31be9c75888c1631360,5984,coldsite_dti_davis_cold_target_binary_seed2.pt,86b3fa624e5e4b9d0a70192b33aeb98e65ba6dd2e6ff3b9919dbde244f1b8bce,mps,2.13.0
davis_cold_target_coldsite_dti_seed3,davis_cold_target_coldsite_dti_seed3.csv.gz,942cd89d63411097715c0b354066ad85a0e3e527a6375de824261c34a7586759,5984,coldsite_dti_davis_cold_target_binary_seed3.pt,a6ed92b528db5f831103eec4267becfeeea1ced10f323b7ec2178c884daf4ff6,mps,2.13.0
davis_cold_pair_coldsite_dti_seed1,davis_cold_pair_coldsite_dti_seed1.csv.gz,25138f55ef51d14e1e16586539f61dfbf5fe8eb4d23dfea4633ec941ffa3426d,1144,coldsite_dti_davis_cold_pair_binary_seed1.pt,53dc9df72d830c471c3f4949269eb43ff2049d5ff58f724a528f53112d3374ec,mps,2.13.0
davis_cold_pair_coldsite_dti_seed2,davis_cold_pair_coldsite_dti_seed2.csv.gz,f418c107376603360605215a0fda777ebace527227106bb625cec6505d22a967,1144,coldsite_dti_davis_cold_pair_binary_seed2.pt,8f9923101567dcb624f41c52a5c55afefa4f993bd598cf0c6b9600488d96ef4f,mps,2.13.0
davis_cold_pair_coldsite_dti_seed3,davis_cold_pair_coldsite_dti_seed3.csv.gz,00d05a2f542c7dcd6e76ac8fe27f27f1811aecafddefc8c94145f305983dd486,1144,coldsite_dti_davis_cold_pair_binary_seed3.pt,75c2cb3af6def9c6f975c957f1931573dc91586b4cb973528d30a28b5bf51cf0,mps,2.13.0
davis_random_hyperattentiondti_seed1,davis_random_hyperattentiondti_seed1.csv.gz,e875d885c7fc01dcc2a0b8c1f5f46f9e7bd4662174fc9ab3c1998539691b47c2,6011,coldsite_dti_davis_random_binary_seed1_hyperattentiondti.pt,f26d51310f8e042d10ca82decb05d85d31be4e80ad06c3dfb911f8988a0bd852,mps,2.13.0
davis_random_hyperattentiondti_seed2,davis_random_hyperattentiondti_seed2.csv.gz,f2a0a2cc1c9cddfa0f629f50110aa55c7acc3109d06eaadef16c7a3f4d8844cd,6011,coldsite_dti_davis_random_binary_seed2_hyperattentiondti.pt,4d8b2bb798ea985c7c29774d4662242c803d3dcd932823ebf77a288de1df5d02,mps,2.13.0
davis_random_hyperattentiondti_seed3,davis_random_hyperattentiondti_seed3.csv.gz,7368bd7204203cc5871088806c9ce90b47be4c59cc5eb0296bab3ab1b03c51a7,6011,coldsite_dti_davis_random_binary_seed3_hyperattentiondti.pt,38720cb8c52fe1108cd7291292ada45cf678ff9b8e3f7e54a20c73b0194f86e5,mps,2.13.0
davis_cold_drug_hyperattentiondti_seed1,davis_cold_drug_hyperattentiondti_seed1.csv.gz,604f9153990e853720738aff3f9b89856d6e48c0c3f5772a1a78e7eb84e11bcb,5746,coldsite_dti_davis_cold_drug_binary_seed1_hyperattentiondti.pt,b08d122253eccd36a286c2c46571ee5f60912b2d6930a836e55ce493a4088a3f,mps,2.13.0
davis_cold_drug_hyperattentiondti_seed2,davis_cold_drug_hyperattentiondti_seed2.csv.gz,b45606ef7b9f8da82034e3ec0e2967dc9ab1d4346cc3880e826f36fc46f15554,5746,coldsite_dti_davis_cold_drug_binary_seed2_hyperattentiondti.pt,a3c6346ede863a7efbb4c30eaf6b53a026e1df4db6463e7e5b70afcccff4660a,mps,2.13.0
davis_cold_drug_hyperattentiondti_seed3,davis_cold_drug_hyperattentiondti_seed3.csv.gz,71e525d013b62ce1a20dcd781f1bc80d320f284bcabcdc262789829d2acd989d,5746,coldsite_dti_davis_cold_drug_binary_seed3_hyperattentiondti.pt,cb5487c8cb37b288ae164851fa72891128757c27ba5902932f1ae56285fd9aec,mps,2.13.0
davis_cold_target_hyperattentiondti_seed1,davis_cold_target_hyperattentiondti_seed1.csv.gz,149b45217b99c64f2f9551b4c2f50ab199507afe032cfd41a3388e8ba370336e,5984,coldsite_dti_davis_cold_target_binary_seed1_hyperattentiondti.pt,f6be0844f346264923e07ed2c01a113504d77ea9630c745dba8773c620f01b41,mps,2.13.0
davis_cold_target_hyperattentiondti_seed2,davis_cold_target_hyperattentiondti_seed2.csv.gz,3983594e4a9307b83d1595413f2906a3f861812a8278e098139c67cf48058dc0,5984,coldsite_dti_davis_cold_target_binary_seed2_hyperattentiondti.pt,3dad6bff58e061e5c53451f8d3f42926c08f9429cffa8ba5cb44c74574b70aa3,mps,2.13.0
davis_cold_target_hyperattentiondti_seed3,davis_cold_target_hyperattentiondti_seed3.csv.gz,adcb9e45402962e8750afef589c58f6447c96eea6b259210472bc10492683d95,5984,coldsite_dti_davis_cold_target_binary_seed3_hyperattentiondti.pt,94cdf4d3361295419ee9e4b304aa90b3e7df2ac6b5ec71294ef046a2d4bdb324,mps,2.13.0
davis_cold_pair_hyperattentiondti_seed1,davis_cold_pair_hyperattentiondti_seed1.csv.gz,714c327276c7d49aa35fbbde376763a427f6a1d27cd090d77adc8e4598121ce2,1144,coldsite_dti_davis_cold_pair_binary_seed1_hyperattentiondti.pt,f84c17f68f147e25c1ab1049a2cdaacef328b5b7839b5fe7edd489b99c55d045,mps,2.13.0
davis_cold_pair_hyperattentiondti_seed2,davis_cold_pair_hyperattentiondti_seed2.csv.gz,499994c00c911573857ef81e6a366e546d9c0619f0ad86c74d636b9f2dd1b6a9,1144,coldsite_dti_davis_cold_pair_binary_seed2_hyperattentiondti.pt,5d04551b2685c78df271550197c278d208e8efe95d22069cebaedfcf7ceaf421,mps,2.13.0
davis_cold_pair_hyperattentiondti_seed3,davis_cold_pair_hyperattentiondti_seed3.csv.gz,1175b4eeb6962486944ba4311b7932cc549edc03956db7a26fa7e3295ef34979,1144,coldsite_dti_davis_cold_pair_binary_seed3_hyperattentiondti.pt,b58d710ea26b59c6df8fc316552fd27e46e3ee3597886380d76c7e13e475171f,mps,2.13.0
davis_random_moltrans_seed1,davis_random_moltrans_seed1.csv.gz,f3c700c3245079fa7b89ee022789213ff3adf29bd3434f176d151e0de3a61ac9,6011,coldsite_dti_davis_random_binary_seed1_moltrans.pt,2f49877bb8e42fcd4f43b8a6cb34860fbcc1aa9969a6ca9d60a9a242f46480b3,mps,2.13.0
davis_random_moltrans_seed2,davis_random_moltrans_seed2.csv.gz,aadc07fc6c658b566d5e1e140b9073dab7666395206339fb89fc12cfbce8cfdf,6011,coldsite_dti_davis_random_binary_seed2_moltrans.pt,2956e17dbc6c02da9d4ed5f38dfd40dd224fd236637a56ead92e7b226ea5d622,mps,2.13.0
davis_random_moltrans_seed3,davis_random_moltrans_seed3.csv.gz,eddab2caf8510144f86e0403cd9187ec0f56dfdb14aa81962ad432632001e4db,6011,coldsite_dti_davis_random_binary_seed3_moltrans.pt,08dcebaf281238ddff3050e1da6b968906cb629dfbc0c1b07470240867c41d21,mps,2.13.0
davis_cold_drug_moltrans_seed1,davis_cold_drug_moltrans_seed1.csv.gz,bb1f3b3cff15c7509a3c60eb4e63462b00fab34fc7f6932474080dd848de1160,5746,coldsite_dti_davis_cold_drug_binary_seed1_moltrans.pt,eb872263e871086f7f62748d113f45a115261b2e5e8d581737b82cbdba766dde,mps,2.13.0
davis_cold_drug_moltrans_seed2,davis_cold_drug_moltrans_seed2.csv.gz,5ff4e0dc935206453fdef3f7251f51b03d83ddbd6453ed3bef96ac18e3d72d68,5746,coldsite_dti_davis_cold_drug_binary_seed2_moltrans.pt,e0defc0f5965383347c6f3970f75e538a1d480a13779f1fab0888a12a608cff5,mps,2.13.0
davis_cold_drug_moltrans_seed3,davis_cold_drug_moltrans_seed3.csv.gz,15dc02e1c381ac73732667aca7bd3c8971104b8920e999500d5bd21955d1ed42,5746,coldsite_dti_davis_cold_drug_binary_seed3_moltrans.pt,3159e8b6730107ebeb693cb858742d3fbbe1787b47dedefc935a47a47f4e230c,mps,2.13.0
davis_cold_target_moltrans_seed1,davis_cold_target_moltrans_seed1.csv.gz,8671cb4ac594c89dcd1e3d0e586a7890e30c83d60c65f3eb24ed12a9ee737c3a,5984,coldsite_dti_davis_cold_target_binary_seed1_moltrans.pt,3649df8f44db2e61cbd0c07bdf3380f3367c45e34ff48e5671a05551fc7ccd1e,mps,2.13.0
davis_cold_target_moltrans_seed2,davis_cold_target_moltrans_seed2.csv.gz,9dc88e7af6a6d0c2d99c0f04368497034151267dd2c6c4c28e8b5609c485ba93,5984,coldsite_dti_davis_cold_target_binary_seed2_moltrans.pt,c20ac829561c299b8568c6db6592d85a2fa4c16d3b3ce3726708cc81ddbe9f45,mps,2.13.0
davis_cold_target_moltrans_seed3,davis_cold_target_moltrans_seed3.csv.gz,57e1f377180aae2384cdb2dea5ac48e652e2b016b35e7120cff7f080bd429bb9,5984,coldsite_dti_davis_cold_target_binary_seed3_moltrans.pt,f1619151a85a08021996dd07ca6cb04af9a9bd019a6d2d53be4039d8433e366c,mps,2.13.0
davis_cold_pair_moltrans_seed1,davis_cold_pair_moltrans_seed1.csv.gz,bd991ea0579d4dac74116e5de5620e01792475910b8906ccd8564e12f74f22d6,1144,coldsite_dti_davis_cold_pair_binary_seed1_moltrans.pt,83ddeccaf46cebd1a3260c43be503b4bc9d20708dfad72f3c27f6887125835b7,mps,2.13.0
davis_cold_pair_moltrans_seed2,davis_cold_pair_moltrans_seed2.csv.gz,366e870ff65a2b3de32ba92ba80c9640460d4eb9dbd8ee613998c83863feeb6f,1144,coldsite_dti_davis_cold_pair_binary_seed2_moltrans.pt,5c36f3501201a2bf3b903f2d11560d2dae368c7e172df7985448520f8ccc5d74,mps,2.13.0
davis_cold_pair_moltrans_seed3,davis_cold_pair_moltrans_seed3.csv.gz,d316166707c2c99a8d19e2ea04a81da15c10b37242e7d4fc8e7d8cd108fb8897,1144,coldsite_dti_davis_cold_pair_binary_seed3_moltrans.pt,fa197b230ab4a8800f0f3d8043fb84b20d73f58414c43539a8428bdb17ccd0d8,mps,2.13.0
davis_random_drugban_seed1,,,6011,davis_random_binary_seed1_drugban_results.json,a31193f34df341a9807e12e7cbb338e4c82b0b73c2b48cc6b55931bd690730e6,recorded,
davis_random_drugban_seed2,,,6011,davis_random_binary_seed2_drugban_results.json,42aeb6f73c591068f418f92fa1823a3d165ab4edd14642d29a214f36bc709dc2,recorded,
davis_random_drugban_seed3,,,6011,davis_random_binary_seed3_drugban_results.json,3c3b6c3099a18b826fe672a0ffe821d0b2d94fea84b5a080396371870dcc1889,recorded,
davis_cold_drug_drugban_seed1,,,5746,davis_cold_drug_binary_seed1_drugban_results.json,d53b3ec5097b0a4097567f4a2585c70cd5d4e1e8c4e0f7e4108a114bccaa18b8,recorded,
davis_cold_drug_drugban_seed2,,,5746,davis_cold_drug_binary_seed2_drugban_results.json,8004a29a91bb6d4afa909a5768d8ab01e2f1d313c82a7e2e4cb09850f342f4c5,recorded,
davis_cold_drug_drugban_seed3,,,5746,davis_cold_drug_binary_seed3_drugban_results.json,d861888af98e00f13923e213425f0a5e7800aac8a306d4042b4ba1de4036f84d,recorded,
davis_cold_target_drugban_seed1,,,5984,davis_cold_target_binary_seed1_drugban_results.json,74c6697847211d22e78a306d7c5ef7c4254358f3fc7e40b9da968a6d79be6fc7,recorded,
davis_cold_target_drugban_seed2,,,5984,davis_cold_target_binary_seed2_drugban_results.json,602e0cdf8a72df1cf74104f4138101ed9b36de40641442145ec4e482a2b68dac,recorded,
davis_cold_target_drugban_seed3,,,5984,davis_cold_target_binary_seed3_drugban_results.json,5b6a60c62c4f94df288fe90aff2ae5c6de51fd74f8808b4c994424e497624bc7,recorded,
davis_cold_pair_drugban_seed1,,,1144,davis_cold_pair_binary_seed1_drugban_results.json,8097c62da7bac13bf1fe89a015869bd0de5494dc7551f88a7688de458738392b,recorded,
davis_cold_pair_drugban_seed2,,,1144,davis_cold_pair_binary_seed2_drugban_results.json,3d05a11d7318f4eb420d1c2cec609b82832f5fbf852f7798e912d2a7b5e239ba,recorded,
davis_cold_pair_drugban_seed3,,,1144,davis_cold_pair_binary_seed3_drugban_results.json,a540a529885028ca77e9463b101ae21bd818a5e5906c0800bc3f098a6b540fb6,recorded,
davis_random_deepdta_seed1,davis_random_deepdta_seed1.csv.gz,085bce5c2bbc82597916c49d2170079f63bcf7ca91ce4e877bc9d3ae3a06ada7,6011,coldsite_dti_davis_random_binary_seed1_deepdta.pt,2bb1975a2c99f4f36b68c2bffcc67ea634cdd138f3f84cc9b6ecac4f64580edd,mps,2.13.0
davis_random_deepdta_seed2,davis_random_deepdta_seed2.csv.gz,d56d79bd713a4a5dfc7d514bf26f1cecf99fa17a5268c837161ac99c8cf121d1,6011,coldsite_dti_davis_random_binary_seed2_deepdta.pt,a84d9029191fcfddcc2c663aa15f1a0e1c44201dc188d142c3240df37ad646c3,mps,2.13.0
davis_random_deepdta_seed3,davis_random_deepdta_seed3.csv.gz,f607bc9b440b656400767fc6a21a0962b9bcab93e2ee592b9a34a3c08addd3ad,6011,coldsite_dti_davis_random_binary_seed3_deepdta.pt,eb3be44f4327511a8c73abfaf34fd3a02972f39d591704956fa4ab1e1465e17f,mps,2.13.0
davis_cold_drug_deepdta_seed1,davis_cold_drug_deepdta_seed1.csv.gz,2d0c3febd5d067f745a4e5a37fc93d2f1d5381cecf9e30121c7ae1af2b7999b6,5746,coldsite_dti_davis_cold_drug_binary_seed1_deepdta.pt,48d0bfcfe638569af142c093f8ae0ee050d85f1f859d6e42b08bccb5e9c22cd8,mps,2.13.0
davis_cold_drug_deepdta_seed2,davis_cold_drug_deepdta_seed2.csv.gz,e6cb85bb668393c50ae8bc8be1497848e46ebab74cd0af16274dddb5761749ab,5746,coldsite_dti_davis_cold_drug_binary_seed2_deepdta.pt,47cc700ff3979363e9fa57a8a3cd9ea28125a2ff810aee08cd5126f4ca85de13,mps,2.13.0
davis_cold_drug_deepdta_seed3,davis_cold_drug_deepdta_seed3.csv.gz,1c0e997130165555f7a0eef32647aab3ec25b28ac746bccdc08993b377f2bdf9,5746,coldsite_dti_davis_cold_drug_binary_seed3_deepdta.pt,21ad69ed6054bcbd0477192834965a4c2245083a0faf86eb21c3a844bcc5f551,mps,2.13.0
davis_cold_target_deepdta_seed1,davis_cold_target_deepdta_seed1.csv.gz,20b708245c460cc84cc5a7b00f8a4c3aecaa8370954ae3d160d76378ffed8856,5984,coldsite_dti_davis_cold_target_binary_seed1_deepdta.pt,5359ffeee8e65f311857024445466c9e5d05657d6c541b7a9c17cd67675a93c1,mps,2.13.0
davis_cold_target_deepdta_seed2,davis_cold_target_deepdta_seed2.csv.gz,9b3366e9de8b7d7166822fd7027ec24fef77b6a5fbd546d0eb99649b875f1cb4,5984,coldsite_dti_davis_cold_target_binary_seed2_deepdta.pt,f1355d738162119c102b1075d5d6e803a05a1073eee51d76446181d6d8c318bf,mps,2.13.0
davis_cold_target_deepdta_seed3,davis_cold_target_deepdta_seed3.csv.gz,26fb8724c09061f4d070f9f098eb492a0ec90384eb478a1e0093527b8e0baad3,5984,coldsite_dti_davis_cold_target_binary_seed3_deepdta.pt,b663a1942d159f270175dd03f21952969019a1ac679fe0edbd04ef4e40c3018e,mps,2.13.0
davis_cold_pair_deepdta_seed1,davis_cold_pair_deepdta_seed1.csv.gz,437b68353138b51c1eb4088309a3592f06c742c727adec39d962bcd6c85b824b,1144,coldsite_dti_davis_cold_pair_binary_seed1_deepdta.pt,520cebd1c2274b2de3ee394e7881c1f5afd7e10ec02140fdcf9c5af746f3bebd,mps,2.13.0
davis_cold_pair_deepdta_seed2,davis_cold_pair_deepdta_seed2.csv.gz,0d7d24c2795d2cea36233fc13d6cc372c5950a271b69a5c76fa46221b3161d0b,1144,coldsite_dti_davis_cold_pair_binary_seed2_deepdta.pt,84b6031bf8576f92f99fcbf05fb531e1fdf9c0dbfd0a6c11c467f5664dc484da,mps,2.13.0
davis_cold_pair_deepdta_seed3,davis_cold_pair_deepdta_seed3.csv.gz,0efa64d453ec9a974f5b5ca303dc1b8c6bc5b72f79a04877d49930318758d57e,1144,coldsite_dti_davis_cold_pair_binary_seed3_deepdta.pt,bc5ae67d2d4c86b37a44ea5cd39481573cb2725b7690d0870946134ecb86e346,mps,2.13.0
kiba_random_coldsite_dti_seed1,kiba_random_coldsite_dti_seed1.csv.gz,647f53be62a13a0fa8b0f30a99f085333645c2928f268e200757d3b6ab2914b4,23651,coldsite_dti_kiba_random_binary_seed1.pt,9469bbda0693502b4d3fc5ed0b1064d24485aaee4fe0d5a37e5476e2ddaa738c,mps,2.13.0
kiba_random_coldsite_dti_seed2,kiba_random_coldsite_dti_seed2.csv.gz,3e5dfe9c7c9488cb3dd8297c41a45fd14fd53e3cd6ead6037bfa2b9f2f26a0b8,23651,coldsite_dti_kiba_random_binary_seed2.pt,84f5c3b279020216eb66f4faa59a5d39bbc666a5e68b4425b62497db559caff3,mps,2.13.0
kiba_random_coldsite_dti_seed3,kiba_random_coldsite_dti_seed3.csv.gz,9519361d7fc707e662b1ae65f7625570ef356ba1422b2da6d795c3e931b987b0,23651,coldsite_dti_kiba_random_binary_seed3.pt,7c7c7a8c6be55aecd61b8946d330deb238f693d6f1b627e4bb336e1720be78a8,mps,2.13.0
kiba_cold_drug_coldsite_dti_seed1,kiba_cold_drug_coldsite_dti_seed1.csv.gz,4bbcc241031598853c208fe2b00fb959db6c2fcab90d966b6bbf9ebe0a84a940,22374,coldsite_dti_kiba_cold_drug_binary_seed1.pt,ce78abdbae4b6c33e558654774ae216dfc3ef5f6830e89daabd6333bdc60d9d1,mps,2.13.0
kiba_cold_drug_coldsite_dti_seed2,kiba_cold_drug_coldsite_dti_seed2.csv.gz,22fc6cfc721648e6b233722abed2e7a70f5918b34be885ca76dbbe16da78d1df,22374,coldsite_dti_kiba_cold_drug_binary_seed2.pt,0e837f75c54f2a830e4254ac77db0cf07ecec9ba20dce09f451bbfb900de09e9,mps,2.13.0
kiba_cold_drug_coldsite_dti_seed3,kiba_cold_drug_coldsite_dti_seed3.csv.gz,c88a2f7c9cd7a82633afede9626f068511df138851ead91bbe34c9f000a9ae04,22374,coldsite_dti_kiba_cold_drug_binary_seed3.pt,fb99e7acc6f355864b906a679613ab5227a9818e1160c36b969cdffe0c250c97,mps,2.13.0
kiba_random_hyperattentiondti_seed1,kiba_random_hyperattentiondti_seed1.csv.gz,7bd18423382970d35eeebfb1bce1ff73113e65975fd51bc917af41e9a378fd92,23651,coldsite_dti_kiba_random_binary_seed1_hyperattentiondti.pt,1c0a4836450e2c3d5fbcc5be4e8f5ae4d18d3a97b1176379af5b45027593039b,mps,2.13.0
kiba_random_hyperattentiondti_seed2,kiba_random_hyperattentiondti_seed2.csv.gz,a5b4b4e3cc2da39b21a0139ee4b2f57a49c072b2586fc4505ec8a3c8a98a3c3e,23651,coldsite_dti_kiba_random_binary_seed2_hyperattentiondti.pt,73bf5dadc4344d4b748ed6cb80b3702de329fbcc684d59bd894412817d7bc08c,mps,2.13.0
kiba_random_hyperattentiondti_seed3,kiba_random_hyperattentiondti_seed3.csv.gz,37e20251087a67de78f3b99815efe0512e3a7bb52cc5ae473cd8e17200f06a16,23651,coldsite_dti_kiba_random_binary_seed3_hyperattentiondti.pt,29c2fca25f001a37ccb5c6390d9523054b817da711e26feafa1f5cbd051058a2,mps,2.13.0
kiba_cold_drug_hyperattentiondti_seed1,kiba_cold_drug_hyperattentiondti_seed1.csv.gz,920880b41969c4833e7d238d4023fe4a632baea0ed326c9b792511b9b4a1543f,22374,coldsite_dti_kiba_cold_drug_binary_seed1_hyperattentiondti.pt,263e0475cc6160082f06197220ad2ec708c08c45348c86687eb581cd2f2db4d0,mps,2.13.0
kiba_cold_drug_hyperattentiondti_seed2,kiba_cold_drug_hyperattentiondti_seed2.csv.gz,2c11722c395c386f5b4e0f8c962deb55ac58488385937c2fdd75e646209e2de6,22374,coldsite_dti_kiba_cold_drug_binary_seed2_hyperattentiondti.pt,1f3604202e26e70f47ce782cccfa60e74f6286a435a8c5b1c7453b9551d3add8,mps,2.13.0
kiba_cold_drug_hyperattentiondti_seed3,kiba_cold_drug_hyperattentiondti_seed3.csv.gz,12485c7cf28039ff724e67f574a004867ffb5601aa9b9e26251f22fdc421eb47,22374,coldsite_dti_kiba_cold_drug_binary_seed3_hyperattentiondti.pt,eaf3fe01d73e94dc5cbf087b7630e5ce5c13c27ee16e5738a7ce9ec729d88308,mps,2.13.0
kiba_random_moltrans_seed1,kiba_random_moltrans_seed1.csv.gz,d117cbb8752050a5630061ea3fc012ffa9efcc75cdb4ec71d79781d0d9c540c2,23651,coldsite_dti_kiba_random_binary_seed1_moltrans.pt,2c978b6b3e0d4c7992b5b52afd88df4af7a93ffcc355bf291face0526c1396de,mps,2.13.0
kiba_random_moltrans_seed2,kiba_random_moltrans_seed2.csv.gz,43cb264e3c94f553421d2a5610b7ebfde5c40f48277b6305650095bdbddd551a,23651,coldsite_dti_kiba_random_binary_seed2_moltrans.pt,6853d781659831d8d0556edb8c385fd11fd0041802d2589ce15ad1eb30d5cf3c,mps,2.13.0
kiba_random_moltrans_seed3,kiba_random_moltrans_seed3.csv.gz,f13b64a2ca263f779c0a0b152dc420e9a5b9dabf2d6c955e5e1c2d6889b32542,23651,coldsite_dti_kiba_random_binary_seed3_moltrans.pt,b11396105129900ddb470152e7fbea910d53f1681a5a08e4492efd01242691be,mps,2.13.0
kiba_cold_drug_moltrans_seed1,kiba_cold_drug_moltrans_seed1.csv.gz,ec4b0a660a9a4ea2b824cb3d4e29244890f660a9f513ace4d4fda17b5bf7beab,22374,coldsite_dti_kiba_cold_drug_binary_seed1_moltrans.pt,f761b8d2f12f711c7b2a1b4945da1b427b05adc2963c881825afd9a450cd923f,mps,2.13.0
kiba_cold_drug_moltrans_seed2,kiba_cold_drug_moltrans_seed2.csv.gz,3c3d6345d23a2ce94130175c0bafc6448d72c9a12398e8469839232db7b947a7,22374,coldsite_dti_kiba_cold_drug_binary_seed2_moltrans.pt,538cd167346940d4de595fa68c5eed0859b2b4a78d1ccc8cd8ea9ef0844f925f,mps,2.13.0
kiba_cold_drug_moltrans_seed3,kiba_cold_drug_moltrans_seed3.csv.gz,90c3937402e783f2eb447a48f1c2f51d99daf0efec3a62c0eaeeed02b8ebb15b,22374,coldsite_dti_kiba_cold_drug_binary_seed3_moltrans.pt,bd20e949da5d12d243ccf57bb5cd2491666feddd85a1516259310188520c53f0,mps,2.13.0
kiba_random_deepdta_seed1,kiba_random_deepdta_seed1.csv.gz,e770af5bc28bace5dac96eade37f4936cf6ad8e5aa39c917004d568315413f6e,23651,coldsite_dti_kiba_random_binary_seed1_deepdta.pt,4ec30d446cb398302594dd7a8046fd65c210fe8cbdcc2a60ace91817d68cd0d6,mps,2.13.0
kiba_random_deepdta_seed2,kiba_random_deepdta_seed2.csv.gz,b3d8357d2d72639f512f609fe295a8bc0dc7716787f4ec7ff9ca0918d65e3b3f,23651,coldsite_dti_kiba_random_binary_seed2_deepdta.pt,633c06705b684ab9d3c635895c65ed884a544d5d50d5126c32cbdc6dd2e327ad,mps,2.13.0
kiba_random_deepdta_seed3,kiba_random_deepdta_seed3.csv.gz,516d2b6a3b848bb521d3abbcd47a84ffdcae10b863ec0ba97e84a02975744cd3,23651,coldsite_dti_kiba_random_binary_seed3_deepdta.pt,f941783fc41b42c49b0c501bdbf5b9d031d49d3bc777f2df9bc87a70fdb9c02c,mps,2.13.0
kiba_cold_drug_deepdta_seed1,kiba_cold_drug_deepdta_seed1.csv.gz,e108a6e4eaf07470b1ea1b304162a90a09591c4835f1d2b012010df1c2cc073f,22374,coldsite_dti_kiba_cold_drug_binary_seed1_deepdta.pt,861cf4d4aa0c48070b944a5ccf7fac256bda8580383968ea4e1b5872724881e4,mps,2.13.0
kiba_cold_drug_deepdta_seed2,kiba_cold_drug_deepdta_seed2.csv.gz,2b2cfae90fb8f64a41a0698caa418ed3b576fc95ec909cc02d662021eb4749ad,22374,coldsite_dti_kiba_cold_drug_binary_seed2_deepdta.pt,86f230ae83d06840757641c2a1dab97e350c56053af752004f0129859166a44e,mps,2.13.0
kiba_cold_drug_deepdta_seed3,kiba_cold_drug_deepdta_seed3.csv.gz,0e0310888bbb66223e6d4cee75077c6511ac113f8da6a3322c466ae884fdd389,22374,coldsite_dti_kiba_cold_drug_binary_seed3_deepdta.pt,c4a56ea3b0ea00e0dc0716aedb832ad6ee165071c8cc7aa42b135c4cfe353488,mps,2.13.0
