family,ground_truth,dataset,model,level,seeds,ceiling,recorded_chance_mean,chance_check_max_abs_diff,chance_check_mc_se,chance_check_ok,n,precision,precision_low,precision_high,chance,n_resamples,excess,excess_low,excess_high,enrichment,enrichment_low,enrichment_high,n_resamples_with_ratio
P1,UniProt,davis,coldsite_dti,random,3,0.9885386819484241,0.02034269340974212,5.0439614972142e-05,0.00010584505129383093,True,349,0.015090735434574978,0.012702960840496658,0.017574021012416428,0.020393133024714263,10000,-0.005302397590139285,-0.007769448032423874,-0.002812360665826957,0.7399910262090011,0.6222608432209742,0.861460207574556,10000
P1,UniProt,davis,coldsite_dti,cold_drug,3,0.9885386819484241,0.020473065902578795,7.993287786453238e-05,0.00010584505129383093,True,349,0.021680993314231137,0.018815663801337156,0.02445081184336199,0.020393133024714263,10000,0.001287860289516874,-0.0013937846185595134,0.0039409313177502965,1.0631516642369825,0.9314986691400496,1.1932182746142688,10000
P1,UniProt,davis,coldsite_dti,cold_target,3,0.9911764705882353,0.019401470588235294,2.974345775545728e-05,0.00023407548491024115,True,68,0.017156862745098044,0.012254901960784314,0.02254901960784314,0.019371727130479837,10000,-0.002214864385381793,-0.007090611944527172,0.002929728496309304,0.8856651051058383,0.6349128898398174,1.1521392730595428,10000
P1,UniProt,davis,coldsite_dti,cold_pair,3,0.9902777777777777,0.01878611111111111,0.00019005183673272488,0.00022535029066727758,True,72,0.012962962962962963,0.0074074074074074086,0.019907407407407412,0.018976162947843836,10000,-0.006013199984880873,-0.01131878098505709,0.0007887106129906957,0.6831182362099119,0.4031498574562751,1.0410037450093432,10000
P1,UniProt,davis,drugban,random,3,0.9885386819484241,0.02034269340974212,5.0439614972142e-05,0.00010584505129383093,True,349,0.017669531996179565,0.015186246418338111,0.020248328557784145,0.020393133024714263,10000,-0.002723601028534698,-0.005219167657908734,-0.00013768652010099941,0.8664451889156026,0.7460427289850544,0.9930764291299198,10000
P1,UniProt,davis,drugban,cold_drug,3,0.9885386819484241,0.020473065902578795,7.993287786453238e-05,0.00010584505129383093,True,349,0.02101241642788921,0.01824259789875836,0.02397325692454632,0.020393133024714263,10000,0.0006192834031749465,-0.0019961058793499524,0.0033541992814925185,1.0303672516834192,0.902225745812766,1.16500231392595,10000
P1,UniProt,davis,drugban,cold_target,3,0.9911764705882353,0.019401470588235294,2.974345775545728e-05,0.00023407548491024115,True,68,0.02254901960784314,0.015686274509803925,0.029901960784313723,0.019371727130479837,10000,0.0031772924773633034,-0.0029090226243622943,0.009796022452473402,1.1640169952819588,0.844788224915353,1.4957519672524073,10000
P1,UniProt,davis,drugban,cold_pair,3,0.9902777777777777,0.01878611111111111,0.00019005183673272488,0.00022535029066727758,True,72,0.027314814814814813,0.020833333333333332,0.033807870370370204,0.018976162947843836,10000,0.008338651866970977,0.002336553115552157,0.014609883014223533,1.4394277120137426,1.123713636163182,1.7661850098407161,10000
P1,UniProt,davis,hyperattentiondti,random,3,0.9885386819484241,0.02034269340974212,5.0439614972142e-05,0.00010584505129383093,True,349,0.03390639923591213,0.03008595988538682,0.037726838586437446,0.020393133024714263,10000,0.013513266211197864,0.009994042469700714,0.01708868922474044,1.662638065216426,1.4912079572911405,1.8374511401682136,10000
P1,UniProt,davis,hyperattentiondti,cold_drug,3,0.9885386819484241,0.020473065902578795,7.993287786453238e-05,0.00010584505129383093,True,349,0.040401146131805156,0.037058261700095504,0.04393505253104107,0.020393133024714263,10000,0.020008013107090893,0.016688923511117993,0.023371666373611124,1.9811152157367558,1.812120000700035,2.151503783245184,10000
P1,UniProt,davis,hyperattentiondti,cold_target,3,0.9911764705882353,0.019401470588235294,2.974345775545728e-05,0.00023407548491024115,True,68,0.02450980392156863,0.01813725490196079,0.030882352941176472,0.019371727130479837,10000,0.0051380767910887935,-0.0010412097378706064,0.011775856335999521,1.2652358644369117,0.9474636177048704,1.619923574970217,10000
P1,UniProt,davis,hyperattentiondti,cold_pair,3,0.9902777777777777,0.01878611111111111,0.00019005183673272488,0.00022535029066727758,True,72,0.02222222222222222,0.016203703703703706,0.028703703703703707,0.018976162947843836,10000,0.0032460592743783837,-0.0026439320943499253,0.009593909693634774,1.1710598335027058,0.862742559863876,1.5034788992334616,10000
P1,UniProt,davis,moltrans,random,3,0.9885386819484241,0.02034269340974212,5.0439614972142e-05,0.00010584505129383093,True,349,0.02139446036294174,0.017478510028653294,0.02550143266475645,0.020393133024714263,10000,0.001001327338227477,-0.002832706294095344,0.005016978136885097,1.0491012017140269,0.8616272173227011,1.2452673010267021,10000
P1,UniProt,davis,moltrans,cold_drug,3,0.9885386819484241,0.020473065902578795,7.993287786453238e-05,0.00010584505129383093,True,349,0.02597898758357211,0.021298949379178603,0.030945558739255016,0.020393133024714263,10000,0.005585854558857847,0.0009714499536384552,0.010440527046772676,1.2739086020813182,1.047767791082071,1.509304302834134,10000
P1,UniProt,davis,moltrans,cold_target,3,0.9911764705882353,0.019401470588235294,2.974345775545728e-05,0.00023407548491024115,True,68,0.02647058823529412,0.01813725490196079,0.03529411764705882,0.019371727130479837,10000,0.007098861104814284,-0.0013735996106810752,0.016254114574578586,1.3664547335918646,0.9310128177484447,1.865600973370885,10000
P1,UniProt,davis,moltrans,cold_pair,3,0.9902777777777777,0.01878611111111111,0.00019005183673272488,0.00022535029066727758,True,72,0.01990740740740741,0.012962962962962963,0.027314814814814816,0.018976162947843836,10000,0.0009312444595635724,-0.005610393692717433,0.008059688407398463,1.0490744341795075,0.7033183622789223,1.4241265172405657,10000
P2,UniProt,kiba,coldsite_dti,random,3,0.995260663507109,0.022805213270142188,4.793396427490992e-07,0.000143622013053271,True,211,0.01864139020537125,0.015323854660347552,0.02195892575039494,0.022804733930499435,10000,-0.004163343725128187,-0.007242862115678817,-0.0011018621098349028,0.8174351107179523,0.682741718181932,0.9514371990398515,10000
P2,UniProt,kiba,coldsite_dti,cold_drug,3,0.9952830188679244,0.02272122641509434,8.075981866793869e-05,0.0001432778574247687,True,212,0.019968553459119496,0.016037735849056607,0.02421383647798742,0.02280198623376228,10000,-0.0028334327746427843,-0.006566665719966186,0.001103460613106004,0.8757374578865679,0.7122978702878344,1.0490191807874918,10000
P2,UniProt,kiba,hyperattentiondti,random,3,0.995260663507109,0.022805213270142188,4.793396427490992e-07,0.000143622013053271,True,211,0.030489731437598738,0.025750394944707742,0.03522906793048973,0.022804733930499435,10000,0.0076849975070993025,0.002880392300471342,0.012535007063000347,1.3369913251573287,1.12368453448214,1.5582973754717613,10000
P2,UniProt,kiba,hyperattentiondti,cold_drug,3,0.9952830188679244,0.02272122641509434,8.075981866793869e-05,0.0001432778574247687,True,212,0.021383647798742137,0.017924528301886792,0.024846698113207496,0.02280198623376228,10000,-0.001418338435020143,-0.004881474761132753,0.002109702006355253,0.937797592697427,0.7886417213893401,1.0937300897329596,10000
P2,UniProt,kiba,moltrans,random,3,0.995260663507109,0.022805213270142188,4.793396427490992e-07,0.000143622013053271,True,211,0.0315955766192733,0.025750394944707742,0.03759873617693523,0.022804733930499435,10000,0.008790842688773864,0.0032361586635279993,0.014541913791114212,1.3854832385050038,1.1430370224981312,1.6357291963262093,10000
P2,UniProt,kiba,moltrans,cold_drug,3,0.9952830188679244,0.02272122641509434,8.075981866793869e-05,0.0001432778574247687,True,212,0.03569182389937107,0.03018867924528302,0.04150943396226415,0.02280198623376228,10000,0.012889837665608788,0.007359585636163374,0.018546546006970234,1.5652945113405583,1.3204932697740395,1.8213900442428133,10000
S3-D,KLIFS pocket,davis,coldsite_dti,random,3,0.9977142857142857,0.1425817142857143,7.711889314071518e-05,0.0002588234254659677,True,350,0.21876190476190474,0.20847619047619048,0.22914285714285715,0.1425045953925736,10000,0.07625730936933114,0.06836361885158737,0.08414967500754167,1.5351217563142892,1.479369520997648,1.592322997455366,10000
S3-D,KLIFS pocket,davis,coldsite_dti,cold_drug,3,0.9977142857142857,0.1426822857142857,0.00025197603599780294,0.00025875385330019685,True,350,0.2991428571428571,0.28638095238095235,0.31161904761904763,0.1424303096782879,10000,0.1567125474645692,0.14617349016849832,0.16707886612424636,2.1002752701903202,2.0215398894744347,2.181493205206054,10000
S3-D,KLIFS pocket,davis,coldsite_dti,cold_target,3,1.0,0.1396044776119403,0.00016244292764741597,0.0005881584821135142,True,67,0.2427860696517413,0.21791044776119406,0.26815920398009946,0.13976692053958772,10000,0.10301914911215357,0.08223992592770085,0.1238148304569501,1.7370781921389926,1.5818333602143,1.8972979264134924,10000
S3-D,KLIFS pocket,davis,coldsite_dti,cold_pair,3,1.0,0.13581690140845068,0.0007586345085549562,0.0005667487231524334,True,71,0.2713615023474179,0.24084507042253528,0.3032863849765258,0.13657553591700564,10000,0.13478596643041227,0.10739013709196397,0.1635661367390675,1.9868968518074799,1.7842054101457674,2.206560082068768,10000
S3-D,KLIFS pocket,davis,drugban,random,3,0.9977142857142857,0.1425817142857143,7.711889314071518e-05,0.0002588234254659677,True,350,0.13895238095238094,0.13038095238095235,0.14752380952380953,0.1425045953925736,10000,-0.003552214440192658,-0.009892539644699369,0.0027512538338650993,0.9750729832227026,0.9303823982886567,1.0193000302108903,10000
S3-D,KLIFS pocket,davis,drugban,cold_drug,3,0.9977142857142857,0.1426822857142857,0.00025197603599780294,0.00025875385330019685,True,350,0.14561904761904762,0.13685714285714287,0.15438095238095237,0.1424303096782879,10000,0.003188737940759717,-0.0031298595398899943,0.00954897157463909,1.022388057345113,0.9779217646368518,1.066935778875646,10000
S3-D,KLIFS pocket,davis,drugban,cold_target,3,1.0,0.1396044776119403,0.00016244292764741597,0.0005881584821135142,True,67,0.14477611940298507,0.12388059701492536,0.16666666666666666,0.13976692053958772,10000,0.005009198863397346,-0.009721102216376544,0.0200908592004754,1.0358396596566535,0.9293435148026503,1.1404464401472076,10000
S3-D,KLIFS pocket,davis,drugban,cold_pair,3,1.0,0.13581690140845068,0.0007586345085549562,0.0005667487231524334,True,71,0.13849765258215957,0.12065727699530514,0.15680751173708915,0.13657553591700564,10000,0.0019221166651539334,-0.013386184848385347,0.017916315798740614,1.0140736527391112,0.9027752486972089,1.1322562367854758,10000
S3-D,KLIFS pocket,davis,hyperattentiondti,random,3,0.9977142857142857,0.1425817142857143,7.711889314071518e-05,0.0002588234254659677,True,350,0.24228571428571427,0.2317142857142857,0.25285714285714284,0.1425045953925736,10000,0.09978111889314067,0.09172117249738553,0.1078671320781586,1.7001957980250553,1.6419171787003781,1.759505646102312,10000
S3-D,KLIFS pocket,davis,hyperattentiondti,cold_drug,3,0.9977142857142857,0.1426822857142857,0.00025197603599780294,0.00025875385330019685,True,350,0.19276190476190477,0.18314285714285716,0.2025714285714286,0.1424303096782879,10000,0.05033159508361687,0.043162034201990614,0.057798151521675896,1.353376996773387,1.302079488982951,1.406747978350638,10000
S3-D,KLIFS pocket,davis,hyperattentiondti,cold_target,3,1.0,0.1396044776119403,0.00016244292764741597,0.0005881584821135142,True,67,0.1860696517412935,0.16318407960199005,0.20945273631840797,0.13976692053958772,10000,0.04630273120170578,0.02937030843935075,0.06301204930904196,1.331285335778654,1.2134506516155215,1.4462369029873985,10000
S3-D,KLIFS pocket,davis,hyperattentiondti,cold_pair,3,1.0,0.13581690140845068,0.0007586345085549562,0.0005667487231524334,True,71,0.18544600938967135,0.16525821596244128,0.2056338028169014,0.13657553591700564,10000,0.04887047347266571,0.032088230468378776,0.06564137121845497,1.3578274333286406,1.233445628146533,1.4840191580144775,10000
S3-D,KLIFS pocket,davis,moltrans,random,3,0.9977142857142857,0.1425817142857143,7.711889314071518e-05,0.0002588234254659677,True,350,0.15666666666666668,0.1434285714285714,0.17,0.1425045953925736,10000,0.01416207127409308,0.003329646212484194,0.02519668718535233,1.0993797514745347,1.0235804907762376,1.1758644850878437,10000
S3-D,KLIFS pocket,davis,moltrans,cold_drug,3,0.9977142857142857,0.1426822857142857,0.00025197603599780294,0.00025875385330019685,True,350,0.1542857142857143,0.1418095238095238,0.1662857142857143,0.1424303096782879,10000,0.0118554046074264,0.001407050785581346,0.021980687564108436,1.0832365290379877,1.0099720988471192,1.1538129033342197,10000
S3-D,KLIFS pocket,davis,moltrans,cold_target,3,1.0,0.1396044776119403,0.00016244292764741597,0.0005881584821135142,True,67,0.17562189054726365,0.15024875621890546,0.20099502487562187,0.13976692053958772,10000,0.03585497000767593,0.012185836605254371,0.05919579396845498,1.2565340201333286,1.0860547961201505,1.4297973408753986,10000
S3-D,KLIFS pocket,davis,moltrans,cold_pair,3,1.0,0.13581690140845068,0.0007586345085549562,0.0005667487231524334,True,71,0.1356807511737089,0.1136150234741784,0.1577464788732394,0.13657553591700564,10000,-0.0008947847432967393,-0.019154511448845685,0.017957621550107248,0.9934484259037396,0.858748531088066,1.1304460782328714,10000
S3-K,KLIFS pocket,kiba,coldsite_dti,random,3,0.9961904761904762,0.15097619047619049,0.0005775887820441417,0.0003424730641031739,True,210,0.1657142857142857,0.1550793650793651,0.17682539682539683,0.15155377925823463,10000,0.014160506456051075,0.006257582716216526,0.022102638829758516,1.0934355218679357,1.041237481723475,1.1461306841449372,10000
S3-K,KLIFS pocket,kiba,coldsite_dti,cold_drug,3,0.9962085308056872,0.15145971563981045,2.7395402108082445e-05,0.00034156486320327485,True,211,0.1519747235387046,0.14044233807266981,0.16413902053712484,0.15143232023770237,10000,0.00054240330100222,-0.00850691154392917,0.009725739592758116,1.0035818199189632,0.9439978859854739,1.0640418750718204,10000
S3-K,KLIFS pocket,kiba,hyperattentiondti,random,3,0.9961904761904762,0.15097619047619049,0.0005775887820441417,0.0003424730641031739,True,210,0.20746031746031748,0.19492063492063494,0.22047619047619046,0.15155377925823463,10000,0.055906538202082856,0.04501902816064933,0.06670447780432488,1.368889106399801,1.293879349307401,1.4440105530939895,10000
S3-K,KLIFS pocket,kiba,hyperattentiondti,cold_drug,3,0.9962085308056872,0.15145971563981045,2.7395402108082445e-05,0.00034156486320327485,True,211,0.1886255924170616,0.17567140600315953,0.20189573459715637,0.15143232023770237,10000,0.03719327217935922,0.02579605196934501,0.0488621687107689,1.245609867965948,1.1690423947834854,1.3246087093963073,10000
S3-K,KLIFS pocket,kiba,moltrans,random,3,0.9961904761904762,0.15097619047619049,0.0005775887820441417,0.0003424730641031739,True,210,0.16142857142857142,0.14619047619047623,0.1761904761904762,0.15155377925823463,10000,0.009874792170336794,-0.0036295094548754684,0.022996823005714286,1.0651570169920408,0.9762168243152782,1.1536008887447415,10000
S3-K,KLIFS pocket,kiba,moltrans,cold_drug,3,0.9962085308056872,0.15145971563981045,2.7395402108082445e-05,0.00034156486320327485,True,211,0.18751974723538703,0.17093206951026862,0.20410742496050552,0.15143232023770237,10000,0.03608742699768466,0.021324749747768736,0.05082700528549036,1.2383072975507372,1.1406294052752368,1.336427307874422,10000
S1,UniProt,davis,coldsite_dti_ig,random,3,0.9885386819484241,0.02034269340974212,5.0439614972142e-05,0.00010584505129383093,True,349,0.02101241642788921,0.01795606494746896,0.02425978987583572,0.020393133024714263,10000,0.0006192834031749465,-0.002301471510305348,0.0036665654861747082,1.0303672516834192,0.8861949657509296,1.181015853121767,10000
S1,UniProt,davis,coldsite_dti_ig,cold_drug,3,0.9885386819484241,0.020473065902578795,7.993287786453238e-05,0.00010584505129383093,True,349,0.05501432664756447,0.05052531041069723,0.05950334288443171,0.020393133024714263,10000,0.03462119362285021,0.03036480642497833,0.0388823315932032,2.6976888044074974,2.485779315289328,2.9111111388903583,10000
S1,UniProt,davis,coldsite_dti_ig,cold_target,3,0.9911764705882353,0.019401470588235294,2.974345775545728e-05,0.00023407548491024115,True,68,0.04362745098039216,0.034803921568627445,0.053431372549019605,0.019371727130479837,10000,0.024255723849912324,0.015553674424269918,0.03364376666946235,2.252119838697703,1.8033661214992824,2.729197696782553,10000
S1,UniProt,davis,coldsite_dti_ig,cold_pair,3,0.9902777777777777,0.01878611111111111,0.00019005183673272488,0.00022535029066727758,True,72,0.014351851851851853,0.005555555555555556,0.027314814814814813,0.018976162947843836,10000,-0.0046243110959919825,-0.01305032779943711,0.007908986545211898,0.7563094758038311,0.30518180271040074,1.4086300413541104,10000
S1,UniProt,davis,moltrans_ig,random,3,0.9885386819484241,0.02034269340974212,5.0439614972142e-05,0.00010584505129383093,True,349,0.018338108882521492,0.014613180515759312,0.022349570200573068,0.020393133024714263,10000,-0.0020550241421927705,-0.005729188209611219,0.001818709889508476,0.8992296014691659,0.7190238841273825,1.089024009607952,10000
S1,UniProt,davis,moltrans_ig,cold_drug,3,0.9885386819484241,0.020473065902578795,7.993287786453238e-05,0.00010584505129383093,True,349,0.027125119388729704,0.022731614135625598,0.031614135625596944,0.020393133024714263,10000,0.006731986364015442,0.002335717532407697,0.011135234977829245,1.330110452173141,1.1133600812096263,1.5471010021139413,10000
S1,UniProt,davis,moltrans_ig,cold_target,3,0.9911764705882353,0.019401470588235294,2.974345775545728e-05,0.00023407548491024115,True,68,0.029411764705882353,0.02058823529411765,0.039705882352941174,0.019371727130479837,10000,0.010040037575402515,0.0008691760040826988,0.02025961920099128,1.5182830373242937,1.0429447874294044,2.0771637031703194,10000
S1,UniProt,davis,moltrans_ig,cold_pair,3,0.9902777777777777,0.01878611111111111,0.00019005183673272488,0.00022535029066727758,True,72,0.020833333333333332,0.012037037037037037,0.03194444444444444,0.018976162947843836,10000,0.0018571703854894962,-0.0069677002060528105,0.012998297749372898,1.0978685939087869,0.6340583793969741,1.689934568270522,10000
S1-klifs,KLIFS pocket,davis,coldsite_dti_ig,random,3,0.9977142857142857,0.1425817142857143,7.711889314071518e-05,0.0002588234254659677,True,350,0.27971428571428575,0.2624761904761905,0.2967619047619048,0.1425045953925736,10000,0.13720969032171215,0.1212942660654633,0.15308658959731805,1.9628439696539262,1.8484519724337554,2.0810779839671105,10000
S1-klifs,KLIFS pocket,davis,coldsite_dti_ig,cold_drug,3,0.9977142857142857,0.1426822857142857,0.00025197603599780294,0.00025875385330019685,True,350,0.4507619047619048,0.4301904761904762,0.47133571428571425,0.1424303096782879,10000,0.3083315950836169,0.288516605332054,0.3280939566988942,3.164789192553578,3.003195403143924,3.331133645729126,10000
S1-klifs,KLIFS pocket,davis,coldsite_dti_ig,cold_target,3,1.0,0.1396044776119403,0.00016244292764741597,0.0005881584821135142,True,67,0.32487562189054725,0.290547263681592,0.3606965174129353,0.13976692053958772,10000,0.18510870135095953,0.15397980528639751,0.21719738052176613,2.324409957923693,2.090966545245112,2.5779759301928244,10000
S1-klifs,KLIFS pocket,davis,coldsite_dti_ig,cold_pair,3,1.0,0.13581690140845068,0.0007586345085549562,0.0005667487231524334,True,71,0.31361502347417847,0.2704225352112677,0.35680751173708924,0.13657553591700564,10000,0.17703948755717283,0.13590203600569228,0.21868139801499786,2.2962752543380565,1.9966429277664675,2.62089998275324,10000
S1-klifs,KLIFS pocket,davis,moltrans_ig,random,3,0.9977142857142857,0.1425817142857143,7.711889314071518e-05,0.0002588234254659677,True,350,0.16771428571428573,0.15495238095238095,0.18057142857142858,0.1425045953925736,10000,0.025209690321712136,0.014658573606576138,0.03594445035168167,1.1769044026423439,1.1034636431181841,1.2514945040334162,10000
S1-klifs,KLIFS pocket,davis,moltrans_ig,cold_drug,3,0.9977142857142857,0.1426822857142857,0.00025197603599780294,0.00025875385330019685,True,350,0.1652380952380952,0.15295238095238095,0.17733333333333334,0.1424303096782879,10000,0.02280778555980731,0.011874007473341526,0.03354643280839955,1.1601329493092025,1.0835106614496244,1.2361233964288172,10000
S1-klifs,KLIFS pocket,davis,moltrans_ig,cold_target,3,1.0,0.1396044776119403,0.00016244292764741597,0.0005881584821135142,True,67,0.16218905472636813,0.1398009950248756,0.18457711442786068,0.13976692053958772,10000,0.022422134186780407,0.001176607009717185,0.04289710790112242,1.1604251857321957,1.0083165738740643,1.3125706959409746,10000
S1-klifs,KLIFS pocket,davis,moltrans_ig,cold_pair,3,1.0,0.13581690140845068,0.0007586345085549562,0.0005667487231524334,True,71,0.12535211267605628,0.10281690140845069,0.1488262910798122,0.13657553591700564,10000,-0.011223423240949354,-0.032626598608327714,0.010919539066747832,0.9178225941740429,0.7605718853105815,1.0799333775858369,10000
S2,UniProt,kiba,hyperattentiondti_ig,random,3,0.995260663507109,0.022805213270142188,4.793396427490992e-07,0.000143622013053271,True,211,0.04154818325434439,0.034123222748815164,0.04960505529225907,0.022804733930499435,10000,0.018743449323844953,0.011219072811308269,0.02671852904815463,1.8219104586340797,1.4873650192027406,2.179821935877313,10000
S2,UniProt,kiba,hyperattentiondti_ig,cold_drug,3,0.9952830188679244,0.02272122641509434,8.075981866793869e-05,0.0001432778574247687,True,212,0.04323899371069182,0.036163522012578615,0.05062893081761006,0.02280198623376228,10000,0.02043700747692954,0.01336037743102204,0.02766780578472328,1.8962818969984738,1.5833441346386827,2.219951003620104,10000
S2,UniProt,kiba,moltrans_ig,random,3,0.995260663507109,0.022805213270142188,4.793396427490992e-07,0.000143622013053271,True,211,0.030647709320695105,0.025118483412322277,0.036492890995260666,0.022804733930499435,10000,0.00784297539019567,0.002432855907670436,0.01348427042179559,1.3439187413498537,1.10511232210819,1.5908791263367064,10000
S2,UniProt,kiba,moltrans_ig,cold_drug,3,0.9952830188679244,0.02272122641509434,8.075981866793869e-05,0.0001432778574247687,True,212,0.03128930817610063,0.025943396226415096,0.036792452830188685,0.02280198623376228,10000,0.008487321942338349,0.003069542134703565,0.014070184420885002,1.3722185363734412,1.13268363008347,1.6249836661001285,10000
S2-klifs,KLIFS pocket,kiba,hyperattentiondti_ig,random,3,0.9961904761904762,0.15097619047619049,0.0005775887820441417,0.0003424730641031739,True,210,0.27190476190476187,0.2519047619047619,0.2922222222222222,0.15155377925823463,10000,0.12035098264652724,0.10150403062408993,0.13914285308598462,1.7941140315706645,1.666686615724965,1.9276201610238322,10000
S2-klifs,KLIFS pocket,kiba,hyperattentiondti_ig,cold_drug,3,0.9962085308056872,0.15145971563981045,2.7395402108082445e-05,0.00034156486320327485,True,211,0.25734597156398104,0.23933254344391786,0.2753554502369668,0.15143232023770237,10000,0.10591365132627867,0.08801647167196942,0.12339821020399896,1.6994124580540446,1.5737138165616047,1.8259257341568156,10000
S2-klifs,KLIFS pocket,kiba,moltrans_ig,random,3,0.9961904761904762,0.15097619047619049,0.0005775887820441417,0.0003424730641031739,True,210,0.19015873015873017,0.17301190476190476,0.20793650793650795,0.15155377925823463,10000,0.03860495090049554,0.024023242933686812,0.05359883871350066,1.2547277348637806,1.1588254238910816,1.351726880389934,10000
S2-klifs,KLIFS pocket,kiba,moltrans_ig,cold_drug,3,0.9962085308056872,0.15145971563981045,2.7395402108082445e-05,0.00034156486320327485,True,211,0.17393364928909955,0.15829383886255927,0.1897314375987362,0.15143232023770237,10000,0.02250132905139718,0.00850066490620205,0.03629579979861516,1.1485900038781482,1.05633133521584,1.2404736797111697,10000
