name,value,low,high,p,source
cells_total,22,,,,step1_disagreement.txt:25
cells_davis,16,,,,step1_disagreement.txt:25
cells_kiba,6,,,,step1_disagreement.txt:25
seeds_disagree_exact,11,,,,step1_disagreement.txt:26
all_three_pass,1,,,,step1_disagreement.txt:27
none_pass,10,,,,step1_disagreement.txt:27
spread_exceeds_distance,21,,,,step1_disagreement.txt:28
disagree_davis,8,,,,step1_disagreement.txt:31
disagree_kiba,3,,,,step1_disagreement.txt:31
friedman_uncorrected,13,,,,step1_disagreement.txt:58
friedman_holm,8,,,,step1_disagreement.txt:58
permutation_uncorrected,10,,,,step1_disagreement.txt:59
permutation_holm,7,,,,step1_disagreement.txt:59
p_exact_moltrans_random_seed1,0.05629,,,,step1b_exact_p_validation.txt:9
p_sampled_moltrans_random_seed1,0.04895,,,,step1b_exact_p_validation.txt:9
disagree_at_alpha_0.010,8,0.010,,,step1b_exact_p_validation.txt:14
disagree_at_alpha_0.100,13,0.100,,,step1b_exact_p_validation.txt:17
rerun_noise_sd,0.0008,,,,step1c_rerun_noise.txt:3
between_seed_sd,0.0121,,,,step1c_rerun_noise.txt:3
noise_ratio,15.50,,,,step1c_rerun_noise.txt:3
leak_ct_all_rows,0.0187,-0.022,0.059,0.1856,step3_leak.txt:40
leak_ct_leaked_rows,0.1160,0.098,0.134,0.0013,step3_leak.txt:41
leak_ct_unleaked_rows,-0.0190,-0.080,0.042,0.3131,step3_leak.txt:42
leak_cp_all_rows,-0.0206,-0.050,0.009,0.0979,step3_leak.txt:49
leak_cp_leaked_rows,-0.0209,-0.171,0.130,0.6109,step3_leak.txt:50
leak_cp_unleaked_rows,-0.0026,-0.023,0.017,0.6242,step3_leak.txt:51
holm_per_seed_davis_tests,48,,,,step4_holm.txt:34
holm_per_seed_davis_survivors,5,,,,step4_holm.txt:34
holm_per_seed_kiba_tests,18,,,,step4_holm.txt:56
holm_per_seed_kiba_survivors,3,,,,step4_holm.txt:56
