family,ground_truth,dataset,model,level,seeds,ceiling,recorded_chance_mean,chance_check_max_abs_diff,chance_check_mc_se,chance_check_ok,n,precision,precision_low,precision_high,chance,n_resamples,resampling,n_seeds_resampled,excess,excess_low,excess_high,enrichment,enrichment_low,enrichment_high,n_resamples_with_ratio
P1,UniProt,davis,coldsite_dti,random,3,0.9885386819484241,0.02034269340974212,5.0439614972142e-05,0.00010584505129383093,True,349,0.015090735434574978,0.008882521489971347,0.022636103151862465,0.020393133024714263,10000,seeds_and_targets,3,-0.005302397590139285,-0.01157254023381623,0.0021995925891592867,0.7399910262090011,0.43288864240921043,1.107060594914936,10000
P1,UniProt,davis,coldsite_dti,cold_drug,3,0.9885386819484241,0.020473065902578795,7.993287786453238e-05,0.00010584505129383093,True,349,0.021680993314231137,0.012607449856733528,0.02970391595033429,0.020393133024714263,10000,seeds_and_targets,3,0.001287860289516874,-0.0077202207427794845,0.009234110618170284,1.0631516642369825,0.6196583283156931,1.4514816415685863,10000
P1,UniProt,davis,coldsite_dti,cold_target,3,0.9911764705882353,0.019401470588235294,2.974345775545728e-05,0.00023407548491024115,True,68,0.017156862745098044,0.010294117647058825,0.024019607843137256,0.019371727130479837,10000,seeds_and_targets,3,-0.002214864385381793,-0.008782160197420457,0.0047875886400988565,0.8856651051058383,0.5444021915904481,1.251280862259234,10000
P1,UniProt,davis,coldsite_dti,cold_pair,3,0.9902777777777777,0.01878611111111111,0.00019005183673272488,0.00022535029066727758,True,72,0.012962962962962963,0.005092592592592593,0.022222222222222223,0.018976162947843836,10000,seeds_and_targets,3,-0.006013199984880873,-0.013915335382386458,0.002823931010045485,0.6831182362099119,0.2708242342501439,1.1492003979125536,10000
P1,UniProt,davis,drugban,random,3,0.9885386819484241,0.02034269340974212,5.0439614972142e-05,0.00010584505129383093,True,349,0.017669531996179565,0.013562559694364852,0.021967526265520534,0.020393133024714263,10000,seeds_and_targets,3,-0.002723601028534698,-0.006825563763789186,0.0014886005661049688,0.8664451889156026,0.6674585334837789,1.0730191115013445,10000
P1,UniProt,davis,drugban,cold_drug,3,0.9885386819484241,0.020473065902578795,7.993287786453238e-05,0.00010584505129383093,True,349,0.02101241642788921,0.017478510028653298,0.024737344794651384,0.020393133024714263,10000,seeds_and_targets,3,0.0006192834031749465,-0.002824544405135543,0.004165660882173339,1.0303672516834192,0.862152463126274,1.2049705106283062,10000
P1,UniProt,davis,drugban,cold_target,3,0.9911764705882353,0.019401470588235294,2.974345775545728e-05,0.00023407548491024115,True,68,0.02254901960784314,0.013235294117647057,0.03333333333333334,0.019371727130479837,10000,seeds_and_targets,3,0.0031772924773633034,-0.0060723751308467,0.013630849287918873,1.1640169952819588,0.679941524995179,1.6928559291412446,10000
P1,UniProt,davis,drugban,cold_pair,3,0.9902777777777777,0.01878611111111111,0.00019005183673272488,0.00022535029066727758,True,72,0.027314814814814813,0.01666666666666667,0.03935185185185185,0.018976162947843836,10000,seeds_and_targets,3,0.008338651866970977,-0.001795120996024508,0.020348878059216983,1.4394277120137426,0.903818578312563,2.075423488171726,10000
P1,UniProt,davis,hyperattentiondti,random,3,0.9885386819484241,0.02034269340974212,5.0439614972142e-05,0.00010584505129383093,True,349,0.03390639923591213,0.02702960840496657,0.041069723018147083,0.020393133024714263,10000,seeds_and_targets,3,0.013513266211197864,0.006798011669145144,0.020486259160520857,1.662638065216426,1.3342770706499125,2.001975201504117,10000
P1,UniProt,davis,hyperattentiondti,cold_drug,3,0.9885386819484241,0.020473065902578795,7.993287786453238e-05,0.00010584505129383093,True,349,0.040401146131805156,0.01891117478510029,0.07449856733524356,0.020393133024714263,10000,seeds_and_targets,3,0.020008013107090893,-0.0013037689893320185,0.054015061591156065,1.9811152157367558,0.9361407078063202,3.6487488859327213,10000
P1,UniProt,davis,hyperattentiondti,cold_target,3,0.9911764705882353,0.019401470588235294,2.974345775545728e-05,0.00023407548491024115,True,68,0.02450980392156863,0.014215686274509802,0.0357843137254902,0.019371727130479837,10000,seeds_and_targets,3,0.0051380767910887935,-0.005320452559638617,0.016710973892883344,1.2652358644369117,0.7254216208375465,1.8794304718242059,10000
P1,UniProt,davis,hyperattentiondti,cold_pair,3,0.9902777777777777,0.01878611111111111,0.00019005183673272488,0.00022535029066727758,True,72,0.02222222222222222,0.011111111111111113,0.03472222222222223,0.018976162947843836,10000,seeds_and_targets,3,0.0032460592743783837,-0.007943720302170179,0.01561402787431756,1.1710598335027058,0.5837558789129557,1.8184233387762145,10000
P1,UniProt,davis,moltrans,random,3,0.9885386819484241,0.02034269340974212,5.0439614972142e-05,0.00010584505129383093,True,349,0.02139446036294174,0.016045845272206302,0.027316141356255964,0.020393133024714263,10000,seeds_and_targets,3,0.001001327338227477,-0.004353113742715816,0.006760975549126163,1.0491012017140269,0.7882274446714456,1.3321084103874976,10000
P1,UniProt,davis,moltrans,cold_drug,3,0.9885386819484241,0.020473065902578795,7.993287786453238e-05,0.00010584505129383093,True,349,0.02597898758357211,0.018911174785100286,0.03400191021967527,0.020393133024714263,10000,seeds_and_targets,3,0.005585854558857847,-0.0015067150727678974,0.013495531740056644,1.2739086020813182,0.9276256815736373,1.6625938691867015,10000
P1,UniProt,davis,moltrans,cold_target,3,0.9911764705882353,0.019401470588235294,2.974345775545728e-05,0.00023407548491024115,True,68,0.02647058823529412,0.010294117647058825,0.04411764705882354,0.019371727130479837,10000,seeds_and_targets,3,0.007098861104814284,-0.00899789170581966,0.02490944380546537,1.3664547335918646,0.5340787651141797,2.318975539602587,10000
P1,UniProt,davis,moltrans,cold_pair,3,0.9902777777777777,0.01878611111111111,0.00019005183673272488,0.00022535029066727758,True,72,0.01990740740740741,0.0041666666666666675,0.037500000000000006,0.018976162947843836,10000,seeds_and_targets,3,0.0009312444595635724,-0.014881601671966994,0.01815004020959474,1.0490744341795075,0.2162820331252117,1.9526849539205438,10000
P2,UniProt,kiba,coldsite_dti,random,3,0.995260663507109,0.022805213270142188,4.793396427490992e-07,0.000143622013053271,True,211,0.01864139020537125,0.011216429699842025,0.027014218009478678,0.022804733930499435,10000,seeds_and_targets,3,-0.004163343725128187,-0.011499700652077635,0.003975460710116335,0.8174351107179523,0.49769337823546145,1.1752971883368397,10000
P2,UniProt,kiba,coldsite_dti,cold_drug,3,0.9952830188679244,0.02272122641509434,8.075981866793869e-05,0.0001432778574247687,True,212,0.019968553459119496,0.013050314465408807,0.026729559748427674,0.02280198623376228,10000,seeds_and_targets,3,-0.0028334327746427843,-0.009683746191503008,0.003856167616602711,0.8757374578865679,0.5770934388589908,1.1690177921376474,10000
P2,UniProt,kiba,hyperattentiondti,random,3,0.995260663507109,0.022805213270142188,4.793396427490992e-07,0.000143622013053271,True,211,0.030489731437598738,0.015639810426540283,0.05118483412322275,0.022804733930499435,10000,seeds_and_targets,3,0.0076849975070993025,-0.007194071779232728,0.02836417968565685,1.3369913251573287,0.6847436272984386,2.2495177699053146,10000
P2,UniProt,kiba,hyperattentiondti,cold_drug,3,0.9952830188679244,0.02272122641509434,8.075981866793869e-05,0.0001432778574247687,True,212,0.021383647798742137,0.016037735849056607,0.0268907232704402,0.02280198623376228,10000,seeds_and_targets,3,-0.001418338435020143,-0.006743405021151463,0.0042777421382775935,0.937797592697427,0.7053703100425809,1.1882993456416182,10000
P2,UniProt,kiba,moltrans,random,3,0.995260663507109,0.022805213270142188,4.793396427490992e-07,0.000143622013053271,True,211,0.0315955766192733,0.01627172195892575,0.05165876777251186,0.022804733930499435,10000,seeds_and_targets,3,0.008790842688773864,-0.006321577452406033,0.029039385610969862,1.3854832385050038,0.7211706579409503,2.276191305068698,10000
P2,UniProt,kiba,moltrans,cold_drug,3,0.9952830188679244,0.02272122641509434,8.075981866793869e-05,0.0001432778574247687,True,212,0.03569182389937107,0.016037735849056607,0.06132861635220115,0.02280198623376228,10000,seeds_and_targets,3,0.012889837665608788,-0.006741088801705118,0.038731996547983684,1.5652945113405583,0.7042814939074877,2.6950072879837217,10000
S3-D,KLIFS pocket,davis,coldsite_dti,random,3,0.9977142857142857,0.1425817142857143,7.711889314071518e-05,0.0002588234254659677,True,350,0.21876190476190474,0.19219047619047622,0.24228571428571433,0.1425045953925736,10000,seeds_and_targets,3,0.07625730936933114,0.05066112465916746,0.09831149960659268,1.5351217563142892,1.3554258233596432,1.6910784183063152,10000
S3-D,KLIFS pocket,davis,coldsite_dti,cold_drug,3,0.9977142857142857,0.1426822857142857,0.00025197603599780294,0.00025875385330019685,True,350,0.2991428571428571,0.2605714285714286,0.33685714285714285,0.1424303096782879,10000,seeds_and_targets,3,0.1567125474645692,0.11842148269163642,0.1932490003446291,2.1002752701903202,1.8314288649163808,2.357971715751915,10000
S3-D,KLIFS pocket,davis,coldsite_dti,cold_target,3,1.0,0.1396044776119403,0.00016244292764741597,0.0005881584821135142,True,67,0.2427860696517413,0.19452736318407962,0.29900497512437807,0.13976692053958772,10000,seeds_and_targets,3,0.10301914911215357,0.05637596077943618,0.15745544859830765,1.7370781921389926,1.3999713639835665,2.131336525168251,10000
S3-D,KLIFS pocket,davis,coldsite_dti,cold_pair,3,1.0,0.13581690140845068,0.0007586345085549562,0.0005667487231524334,True,71,0.2713615023474179,0.22910798122065726,0.3215962441314554,0.13657553591700564,10000,seeds_and_targets,3,0.13478596643041227,0.09424497899439703,0.1836612959272918,1.9868968518074799,1.6859576941649943,2.352890830270813,10000
S3-D,KLIFS pocket,davis,drugban,random,3,0.9977142857142857,0.1425817142857143,7.711889314071518e-05,0.0002588234254659677,True,350,0.13895238095238094,0.1280952380952381,0.1502857142857143,0.1425045953925736,10000,seeds_and_targets,3,-0.003552214440192658,-0.012966302514878576,0.0061877379675717385,0.9750729832227026,0.908838719086629,1.0435017787862415,10000
S3-D,KLIFS pocket,davis,drugban,cold_drug,3,0.9977142857142857,0.1426822857142857,0.00025197603599780294,0.00025875385330019685,True,350,0.14561904761904762,0.13085714285714287,0.15980952380952382,0.1424303096782879,10000,seeds_and_targets,3,0.003188737940759717,-0.010339640372380833,0.016035757393899546,1.022388057345113,0.9271864511910071,1.1126655944572148,10000
S3-D,KLIFS pocket,davis,drugban,cold_target,3,1.0,0.1396044776119403,0.00016244292764741597,0.0005881584821135142,True,67,0.14477611940298507,0.12088308457711451,0.16965174129353233,0.13976692053958772,10000,seeds_and_targets,3,0.005009198863397346,-0.013845300712397795,0.024285115778572508,1.0358396596566535,0.8988042955055245,1.1724617126038979,10000
S3-D,KLIFS pocket,davis,drugban,cold_pair,3,1.0,0.13581690140845068,0.0007586345085549562,0.0005667487231524334,True,71,0.13849765258215957,0.11690140845070421,0.16150234741784036,0.13657553591700564,10000,seeds_and_targets,3,0.0019221166651539334,-0.01833577231590509,0.022758638060026603,1.0140736527391112,0.8666201510262623,1.1678273444121237,10000
S3-D,KLIFS pocket,davis,hyperattentiondti,random,3,0.9977142857142857,0.1425817142857143,7.711889314071518e-05,0.0002588234254659677,True,350,0.24228571428571427,0.2098095238095238,0.2814285714285714,0.1425045953925736,10000,seeds_and_targets,3,0.09978111889314067,0.0686494480689297,0.1392583639172741,1.7001957980250553,1.4831102487175334,1.9760300934546216,10000
S3-D,KLIFS pocket,davis,hyperattentiondti,cold_drug,3,0.9977142857142857,0.1426822857142857,0.00025197603599780294,0.00025875385330019685,True,350,0.19276190476190477,0.13485714285714287,0.24685714285714289,0.1424303096782879,10000,seeds_and_targets,3,0.05033159508361687,-0.008120494370864793,0.10397218132241617,1.353376996773387,0.9427144995582022,1.7297201388996728,10000
S3-D,KLIFS pocket,davis,hyperattentiondti,cold_target,3,1.0,0.1396044776119403,0.00016244292764741597,0.0005881584821135142,True,67,0.1860696517412935,0.14626865671641792,0.2263681592039801,0.13976692053958772,10000,seeds_and_targets,3,0.04630273120170578,0.010664951764547117,0.08323740977492602,1.331285335778654,1.0766426176926365,1.5965324789012043,10000
S3-D,KLIFS pocket,davis,hyperattentiondti,cold_pair,3,1.0,0.13581690140845068,0.0007586345085549562,0.0005667487231524334,True,71,0.18544600938967135,0.1384976525821596,0.2375586854460094,0.13657553591700564,10000,seeds_and_targets,3,0.04887047347266571,0.0036167390025658515,0.10019638860526288,1.3578274333286406,1.0266334766395655,1.7315777740239409,10000
S3-D,KLIFS pocket,davis,moltrans,random,3,0.9977142857142857,0.1425817142857143,7.711889314071518e-05,0.0002588234254659677,True,350,0.15666666666666668,0.12247619047619047,0.18942857142857147,0.1425045953925736,10000,seeds_and_targets,3,0.01416207127409308,-0.019692461357436235,0.04578961609187779,1.0993797514745347,0.8621156809988838,1.3205623785403748,10000
S3-D,KLIFS pocket,davis,moltrans,cold_drug,3,0.9977142857142857,0.1426822857142857,0.00025197603599780294,0.00025875385330019685,True,350,0.1542857142857143,0.1253309523809524,0.18219047619047618,0.1424303096782879,10000,seeds_and_targets,3,0.0118554046074264,-0.016196184316849216,0.038754372289230496,1.0832365290379877,0.8852414853316688,1.2720455509432271,10000
S3-D,KLIFS pocket,davis,moltrans,cold_target,3,1.0,0.1396044776119403,0.00016244292764741597,0.0005881584821135142,True,67,0.17562189054726365,0.10796019900497511,0.2383084577114428,0.13976692053958772,10000,seeds_and_targets,3,0.03585497000767593,-0.031486978056547765,0.09715727316578268,1.2565340201333286,0.7721954691517707,1.7028198331287172,10000
S3-D,KLIFS pocket,davis,moltrans,cold_pair,3,1.0,0.13581690140845068,0.0007586345085549562,0.0005667487231524334,True,71,0.1356807511737089,0.09014084507042254,0.18262910798122065,0.13657553591700564,10000,seeds_and_targets,3,-0.0008947847432967393,-0.04465283337170336,0.04443504172504372,0.9934484259037396,0.6703087049909808,1.3233626046227958,10000
S3-K,KLIFS pocket,kiba,coldsite_dti,random,3,0.9961904761904762,0.15097619047619049,0.0005775887820441417,0.0003424730641031739,True,210,0.1657142857142857,0.14539682539682539,0.18571428571428572,0.15155377925823463,10000,seeds_and_targets,3,0.014160506456051075,-0.004896868430622075,0.03255294784203095,1.0934355218679357,0.9682127531214906,1.213907626320005,10000
S3-K,KLIFS pocket,kiba,coldsite_dti,cold_drug,3,0.9962085308056872,0.15145971563981045,2.7395402108082445e-05,0.00034156486320327485,True,211,0.1519747235387046,0.11864139020537123,0.19289099526066353,0.15143232023770237,10000,seeds_and_targets,3,0.00054240330100222,-0.03184242413791867,0.04111153445430033,1.0035818199189632,0.7895937909489947,1.269452968737759,10000
S3-K,KLIFS pocket,kiba,hyperattentiondti,random,3,0.9961904761904762,0.15097619047619049,0.0005775887820441417,0.0003424730641031739,True,210,0.20746031746031748,0.18984126984126987,0.2261904761904762,0.15155377925823463,10000,seeds_and_targets,3,0.055906538202082856,0.040048511160712556,0.0734790061781686,1.368889106399801,1.262587914888529,1.4883583040904667,10000
S3-K,KLIFS pocket,kiba,hyperattentiondti,cold_drug,3,0.9962085308056872,0.15145971563981045,2.7395402108082445e-05,0.00034156486320327485,True,211,0.1886255924170616,0.16208135860979464,0.2146919431279621,0.15143232023770237,10000,seeds_and_targets,3,0.03719327217935922,0.011088433391581498,0.061997018619420856,1.245609867965948,1.072535873742431,1.4110392902767965,10000
S3-K,KLIFS pocket,kiba,moltrans,random,3,0.9961904761904762,0.15097619047619049,0.0005775887820441417,0.0003424730641031739,True,210,0.16142857142857142,0.11777380952380957,0.21286111111111108,0.15155377925823463,10000,seeds_and_targets,3,0.009874792170336794,-0.03281009768258771,0.060093685416997625,1.0651570169920408,0.782880046111967,1.3997186927420637,10000
S3-K,KLIFS pocket,kiba,moltrans,cold_drug,3,0.9962085308056872,0.15145971563981045,2.7395402108082445e-05,0.00034156486320327485,True,211,0.18751974723538703,0.15023301737756714,0.23159557661927327,0.15143232023770237,10000,seeds_and_targets,3,0.03608742699768466,-0.00022286313595120853,0.07949487342291091,1.2383072975507372,0.9986038211648834,1.525926516068917,10000
S1,UniProt,davis,coldsite_dti_ig,random,3,0.9885386819484241,0.02034269340974212,5.0439614972142e-05,0.00010584505129383093,True,349,0.02101241642788921,0.012320916905444129,0.030945558739255016,0.020393133024714263,10000,seeds_and_targets,3,0.0006192834031749465,-0.00803053093596873,0.010431932949126012,1.0303672516834192,0.6055684752212596,1.5102824673779427,10000
S1,UniProt,davis,coldsite_dti_ig,cold_drug,3,0.9885386819484241,0.020473065902578795,7.993287786453238e-05,0.00010584505129383093,True,349,0.05501432664756447,0.03237822349570201,0.07220630372492838,0.020393133024714263,10000,seeds_and_targets,3,0.03462119362285021,0.012051852600364264,0.05195215246975141,2.6976888044074974,1.590121170012894,3.5577189298351786,10000
S1,UniProt,davis,coldsite_dti_ig,cold_target,3,0.9911764705882353,0.019401470588235294,2.974345775545728e-05,0.00023407548491024115,True,68,0.04362745098039216,0.019117647058823534,0.07352941176470588,0.019371727130479837,10000,seeds_and_targets,3,0.024255723849912324,9.695283704226912e-05,0.05408243122477567,2.252119838697703,1.0052287460870126,3.801656888407496,10000
S1,UniProt,davis,coldsite_dti_ig,cold_pair,3,0.9902777777777777,0.01878611111111111,0.00019005183673272488,0.00022535029066727758,True,72,0.014351851851851853,0.0032407407407407406,0.02916666666666666,0.018976162947843836,10000,seeds_and_targets,3,-0.0046243110959919825,-0.015401538469861153,0.009709755508842063,0.7563094758038311,0.18041848740681538,1.5040265239377946,10000
S1,UniProt,davis,moltrans_ig,random,3,0.9885386819484241,0.02034269340974212,5.0439614972142e-05,0.00010584505129383093,True,349,0.018338108882521492,0.01346466093600766,0.02378223495702006,0.020393133024714263,10000,seeds_and_targets,3,-0.0020550241421927705,-0.006858721308369473,0.003164340356993738,0.8992296014691659,0.662618787887618,1.1551928363239716,10000
S1,UniProt,davis,moltrans_ig,cold_drug,3,0.9885386819484241,0.020473065902578795,7.993287786453238e-05,0.00010584505129383093,True,349,0.027125119388729704,0.020916905444126076,0.03333333333333333,0.020393133024714263,10000,seeds_and_targets,3,0.006731986364015442,0.0005331950418383363,0.012893613102385812,1.330110452173141,1.025986446787352,1.6333806750919793,10000
S1,UniProt,davis,moltrans_ig,cold_target,3,0.9911764705882353,0.019401470588235294,2.974345775545728e-05,0.00023407548491024115,True,68,0.029411764705882353,0.01715686274509804,0.04264705882352942,0.019371727130479837,10000,seeds_and_targets,3,0.010040037575402515,-0.0023634635818695956,0.023487739087163402,1.5182830373242937,0.8781928884983413,2.240233504648966,10000
S1,UniProt,davis,moltrans_ig,cold_pair,3,0.9902777777777777,0.01878611111111111,0.00019005183673272488,0.00022535029066727758,True,72,0.020833333333333332,0.009722222222222224,0.03425925925925926,0.018976162947843836,10000,seeds_and_targets,3,0.0018571703854894962,-0.008978298272291851,0.015725799777501055,1.0978685939087869,0.5265553944350301,1.843089574135784,10000
S1-klifs,KLIFS pocket,davis,coldsite_dti_ig,random,3,0.9977142857142857,0.1425817142857143,7.711889314071518e-05,0.0002588234254659677,True,350,0.27971428571428575,0.25542857142857145,0.3038095238095238,0.1425045953925736,10000,seeds_and_targets,3,0.13720969032171215,0.11394754424209445,0.16061729674662287,1.9628439696539262,1.7988659966717728,2.1320378525123216,10000
S1-klifs,KLIFS pocket,davis,coldsite_dti_ig,cold_drug,3,0.9977142857142857,0.1426822857142857,0.00025197603599780294,0.00025875385330019685,True,350,0.4507619047619048,0.3423785714285714,0.6271428571428571,0.1424303096782879,10000,seeds_and_targets,3,0.3083315950836169,0.2005837277779062,0.4853953920499724,3.164789192553578,2.3982652304261274,4.400584182218362,10000
S1-klifs,KLIFS pocket,davis,coldsite_dti_ig,cold_target,3,1.0,0.1396044776119403,0.00016244292764741597,0.0005881584821135142,True,67,0.32487562189054725,0.2671641791044776,0.38060945273631824,0.13976692053958772,10000,seeds_and_targets,3,0.18510870135095953,0.12866926462941597,0.23878754466117036,2.324409957923693,1.9133972876417742,2.7246675651027408,10000
S1-klifs,KLIFS pocket,davis,coldsite_dti_ig,cold_pair,3,1.0,0.13581690140845068,0.0007586345085549562,0.0005667487231524334,True,71,0.31361502347417847,0.24694835680751176,0.3788732394366197,0.13657553591700564,10000,seeds_and_targets,3,0.17703948755717283,0.1112163568276786,0.24115562233548088,2.2962752543380565,1.8116943259710736,2.769049595487995,10000
S1-klifs,KLIFS pocket,davis,moltrans_ig,random,3,0.9977142857142857,0.1425817142857143,7.711889314071518e-05,0.0002588234254659677,True,350,0.16771428571428573,0.11971428571428573,0.20714285714285716,0.1425045953925736,10000,seeds_and_targets,3,0.025209690321712136,-0.02217938582692401,0.06341810921996532,1.1769044026423439,0.8432032936636401,1.4435915202266707,10000
S1-klifs,KLIFS pocket,davis,moltrans_ig,cold_drug,3,0.9977142857142857,0.1426822857142857,0.00025197603599780294,0.00025875385330019685,True,350,0.1652380952380952,0.14,0.194,0.1424303096782879,10000,seeds_and_targets,3,0.02280778555980731,-0.0019027101321407243,0.05039481441285228,1.1601329493092025,0.9860917033220163,1.3539820037505017,10000
S1-klifs,KLIFS pocket,davis,moltrans_ig,cold_target,3,1.0,0.1396044776119403,0.00016244292764741597,0.0005881584821135142,True,67,0.16218905472636813,0.12784825870646774,0.19701492537313436,0.13976692053958772,10000,seeds_and_targets,3,0.022422134186780407,-0.011454095520042708,0.056365577580853456,1.1604251857321957,0.918578414445744,1.4056773288499116,10000
S1-klifs,KLIFS pocket,davis,moltrans_ig,cold_pair,3,1.0,0.13581690140845068,0.0007586345085549562,0.0005667487231524334,True,71,0.12535211267605628,0.09014084507042254,0.16384976525821593,0.13657553591700564,10000,seeds_and_targets,3,-0.011223423240949354,-0.045658823186586636,0.02557630936561908,0.9178225941740429,0.666801972036962,1.1878917974992738,10000
S2,UniProt,kiba,hyperattentiondti_ig,random,3,0.995260663507109,0.022805213270142188,4.793396427490992e-07,0.000143622013053271,True,211,0.04154818325434439,0.023696682464454975,0.06492890995260663,0.022804733930499435,10000,seeds_and_targets,3,0.018743449323844953,0.0009170466131078549,0.04222861418179739,1.8219104586340797,1.041054942582202,2.861675235170371,10000
S2,UniProt,kiba,hyperattentiondti_ig,cold_drug,3,0.9952830188679244,0.02272122641509434,8.075981866793869e-05,0.0001432778574247687,True,212,0.04323899371069182,0.014622641509433964,0.07735849056603773,0.02280198623376228,10000,seeds_and_targets,3,0.02043700747692954,-0.008419398686823825,0.05441910969275933,1.8962818969984738,0.6313059731840678,3.3903234256456543,10000
S2,UniProt,kiba,moltrans_ig,random,3,0.995260663507109,0.022805213270142188,4.793396427490992e-07,0.000143622013053271,True,211,0.030647709320695105,0.016587677725118485,0.04928909952606635,0.022804733930499435,10000,seeds_and_targets,3,0.00784297539019567,-0.0061370399596201095,0.026401272833675615,1.3439187413498537,0.7311351726996984,2.1582244604761103,10000
S2,UniProt,kiba,moltrans_ig,cold_drug,3,0.9952830188679244,0.02272122641509434,8.075981866793869e-05,0.0001432778574247687,True,212,0.03128930817610063,0.02216981132075472,0.041666666666666664,0.02280198623376228,10000,seeds_and_targets,3,0.008487321942338349,-0.000640664369856415,0.01900111590217802,1.3722185363734412,0.9715454769128872,1.8467632807029528,10000
S2-klifs,KLIFS pocket,kiba,hyperattentiondti_ig,random,3,0.9961904761904762,0.15097619047619049,0.0005775887820441417,0.0003424730641031739,True,210,0.27190476190476187,0.23904761904761906,0.3082579365079365,0.15155377925823463,10000,seeds_and_targets,3,0.12035098264652724,0.08792957954445853,0.15587954945251525,1.7941140315706645,1.5785403138310683,2.031855968785556,10000
S2-klifs,KLIFS pocket,kiba,hyperattentiondti_ig,cold_drug,3,0.9962085308056872,0.15145971563981045,2.7395402108082445e-05,0.00034156486320327485,True,211,0.25734597156398104,0.2011058451816746,0.3293838862559242,0.15143232023770237,10000,seeds_and_targets,3,0.10591365132627867,0.05024683211372487,0.17850499729444014,1.6994124580540446,1.3291621029289231,2.183530321951882,10000
S2-klifs,KLIFS pocket,kiba,moltrans_ig,random,3,0.9961904761904762,0.15097619047619049,0.0005775887820441417,0.0003424730641031739,True,210,0.19015873015873017,0.1442857142857143,0.24301984126984125,0.15155377925823463,10000,seeds_and_targets,3,0.03860495090049554,-0.005918370449298872,0.0910501651642723,1.2547277348637806,0.9609701420821094,1.5984446253515252,10000
S2-klifs,KLIFS pocket,kiba,moltrans_ig,cold_drug,3,0.9962085308056872,0.15145971563981045,2.7395402108082445e-05,0.00034156486320327485,True,211,0.17393364928909955,0.15213270142180096,0.19605055292259088,0.15143232023770237,10000,seeds_and_targets,3,0.02250132905139718,0.001303493023389458,0.04326509442539292,1.1485900038781482,1.0085262769941596,1.286639810518191,10000
