kind,model,dataset,level,seeds,pairs_per_seed,pair_mean_delta,per_seed_pair_mean,max_abs_diff_vs_summary,max_abs_diff_vs_committed,n_targets,delta,delta_low,delta_high,load_bearing_sign,load_bearing_ci,n_resamples,resampling,n_seeds_resampled
faithfulness,coldsite_dti,davis,random,3,200,1.1881057239820558,0.801405;1.992902;0.770011,2.220446049250313e-16,0.0,162,1.20995270221383,0.6834431669763477,1.918932420154688,True,True,10000,seeds_and_targets,3
faithfulness,coldsite_dti,davis,cold_drug,3,200,1.179080442438523,1.800922;0.965605;0.770714,0.0,0.0,200,1.179080442438523,0.7609110942905147,1.7422345705952496,True,True,10000,seeds_and_targets,3
faithfulness,coldsite_dti,davis,cold_target,3,200,0.5166168436010679,0.162975;0.890800;0.496076,1.1102230246251565e-16,0.0,76,0.5159025925990434,0.1832529244643816,0.8754431501740031,True,True,10000,seeds_and_targets,3
faithfulness,coldsite_dti,davis,cold_pair,3,200,0.6651542121966679,0.619314;0.944421;0.431728,1.1102230246251565e-16,0.0,76,0.6614165798962466,0.42985640657706214,0.9411641327291724,True,True,10000,seeds_and_targets,3
faithfulness,hyperattentiondti,davis,random,3,200,0.18429227739572526,0.247766;0.163593;0.141519,2.7755575615628914e-17,0.0001927930414676593,162,0.18915480683431213,0.12283302737635003,0.276852214602148,True,True,10000,seeds_and_targets,3
faithfulness,hyperattentiondti,davis,cold_drug,3,200,0.11353829963443181,0.138365;0.147375;0.054874,0.0,0.0025738808028399826,200,0.1135382996344318,0.0566324865647902,0.1687816744450324,True,True,10000,seeds_and_targets,3
faithfulness,hyperattentiondti,davis,cold_target,3,200,0.06330635607118408,0.031622;0.116337;0.041961,1.3877787807814457e-17,7.269913703202707e-05,76,0.06474111819890334,0.01853600337366133,0.12210291785204347,True,True,10000,seeds_and_targets,3
faithfulness,hyperattentiondti,davis,cold_pair,3,200,0.055713463445504506,0.058572;0.061460;0.047109,6.938893903907228e-18,1.2135505676053038e-07,76,0.05423915893362281,0.02970759542016259,0.08042114028892323,True,True,10000,seeds_and_targets,3
faithfulness,hyperattentiondti,kiba,random,3,200,0.1317797265412907,0.084562;0.089271;0.221507,0.0,0.0,114,0.1348472623244567,0.06925994919260807,0.22350109321503123,True,True,10000,seeds_and_targets,3
faithfulness,hyperattentiondti,kiba,cold_drug,3,200,0.0952156479830543,0.018856;0.139402;0.127389,2.7755575615628914e-17,0.0,112,0.08744871096330739,0.030350643456991226,0.143910609946564,True,True,10000,seeds_and_targets,3
token_faithfulness,moltrans,davis,random,3,200,0.4612379460558295,0.142573;0.478636;0.762505,0.0,0.017508185774087914,200,0.4612379460558295,0.15526014921441678,0.7506460847143082,True,True,10000,seeds_and_targets,3
token_faithfulness,moltrans,davis,cold_drug,3,200,0.35557460559532045,0.187950;0.230971;0.647803,0.0,0.012298755589872562,200,0.35557460559532045,0.17476643210022405,0.6308133264273404,True,True,10000,seeds_and_targets,3
token_faithfulness,moltrans,davis,cold_target,3,75,0.33603073771794634,0.147978;0.326564;0.533549,0.0,0.030428458531697566,75,0.3360307377179464,0.15657734882566668,0.5500507980797025,True,True,10000,seeds_and_targets,3
token_faithfulness,moltrans,davis,cold_pair,3,76,0.2584043250794997,0.092292;0.180495;0.502427,0.0,0.040319462198960127,76,0.2584043250794996,0.08988038734385846,0.4872392349258849,True,True,10000,seeds_and_targets,3
token_faithfulness,moltrans,kiba,random,3,200,0.39206247352436185,0.430521;0.123041;0.622625,0.0,0.022719387784600253,200,0.39206247352436185,0.12928103972654803,0.6227083219762891,True,True,10000,seeds_and_targets,3
token_faithfulness,moltrans,kiba,cold_drug,3,200,0.3024911460131407,0.397250;0.266827;0.243397,0.0,0.019449147239327447,200,0.3024911460131407,0.22766244608713315,0.4022201336951926,True,True,10000,seeds_and_targets,3
