family,ground_truth,dataset,model,level,per_seed_precision,chance_recorded,chance_exact,n_seeds,mean,spread,sd,distance_from_chance,spread_exceeds_signal,spread_exceeds_signal_exact_chance,enrichment,enrichment_low,enrichment_high
P1,UniProt,davis,coldsite_dti,random,0.022923;0.009456;0.012894,0.02034269340974212,0.020393133024714263,3,0.015090735434574976,0.013467048710601719,0.006997116679041972,0.005251957975167145,True,True,0.7399910262090011,0.43288864240921043,1.107060594914936
P1,UniProt,davis,coldsite_dti,cold_drug,0.026934;0.026648;0.011461,0.020473065902578795,0.020393133024714263,3,0.02168099331423114,0.01547277936962751,0.008851657875146256,0.0012079274116523452,True,True,1.0631516642369825,0.6196583283156931,1.4514816415685863
P1,UniProt,davis,coldsite_dti,cold_target,0.014706;0.019118;0.017647,0.019401470588235294,0.019371727130479837,3,0.017156862745098044,0.004411764705882355,0.0022463606347822756,0.00224460784313725,True,True,0.8856651051058383,0.5444021915904481,1.251280862259234
P1,UniProt,davis,coldsite_dti,cold_pair,0.018056;0.012500;0.008333,0.01878611111111111,0.018976162947843836,3,0.012962962962962966,0.009722222222222226,0.0048776174781725665,0.005823148148148145,True,True,0.6831182362099119,0.2708242342501439,1.1492003979125536
P1,UniProt,davis,drugban,random,0.019198;0.014613;0.019198,0.02034269340974212,0.020393133024714263,3,0.01766953199617956,0.004584527220630373,0.002646878024938113,0.0026731614135625595,True,True,0.8664451889156026,0.6674585334837789,1.0730191115013445
P1,UniProt,davis,drugban,cold_drug,0.021777;0.020630;0.020630,0.020473065902578795,0.020393133024714263,3,0.021012416427889213,0.001146131805157595,0.0006617195062345282,0.0005393505253104176,True,True,1.0303672516834192,0.862152463126274,1.2049705106283062
P1,UniProt,davis,drugban,cold_target,0.017647;0.027941;0.022059,0.019401470588235294,0.019371727130479837,3,0.02254901960784314,0.010294117647058818,0.005164536153359183,0.003147549019607846,True,True,1.1640169952819588,0.679941524995179,1.6928559291412446
P1,UniProt,davis,drugban,cold_pair,0.036111;0.022222;0.023611,0.01878611111111111,0.018976162947843836,3,0.027314814814814816,0.013888888888888892,0.0076494035378973655,0.008528703703703705,True,True,1.4394277120137426,0.903818578312563,2.075423488171726
P1,UniProt,davis,hyperattentiondti,random,0.034670;0.039255;0.027794,0.02034269340974212,0.020393133024714263,3,0.033906399235912134,0.011461318051575926,0.005768736913291879,0.013563705826170013,False,False,1.662638065216426,1.3342770706499125,2.001975201504117
P1,UniProt,davis,hyperattentiondti,cold_drug,0.024928;0.076791;0.019484,0.020473065902578795,0.020393133024714263,3,0.040401146131805156,0.05730659025787967,0.031631732450373394,0.01992808022922636,True,True,1.9811152157367558,0.9361407078063202,3.6487488859327213
P1,UniProt,davis,hyperattentiondti,cold_target,0.017647;0.030882;0.025000,0.019401470588235294,0.019371727130479837,3,0.024509803921568627,0.01323529411764706,0.006631249636504258,0.005108333333333333,True,True,1.2652358644369117,0.7254216208375465,1.8794304718242059
P1,UniProt,davis,hyperattentiondti,cold_pair,0.012500;0.022222;0.031944,0.01878611111111111,0.018976162947843836,3,0.022222222222222223,0.01944444444444444,0.00972222222222222,0.003436111111111112,True,True,1.1710598335027058,0.5837558789129557,1.8184233387762145
P1,UniProt,davis,moltrans,random,0.024355;0.020630;0.019198,0.02034269340974212,0.020393133024714263,3,0.021394460362941736,0.005157593123209167,0.002662341903489274,0.0010517669531996156,True,True,1.0491012017140269,0.7882274446714456,1.3321084103874976
P1,UniProt,davis,moltrans,cold_drug,0.021777;0.031805;0.024355,0.020473065902578795,0.020393133024714263,3,0.025978987583572106,0.010028653295128944,0.00520775773838227,0.005505921680993311,True,True,1.2739086020813182,0.9276256815736373,1.6625938691867015
P1,UniProt,davis,moltrans,cold_target,0.011765;0.038235;0.029412,0.019401470588235294,0.019371727130479837,3,0.026470588235294117,0.02647058823529412,0.013478163808693648,0.007069117647058823,True,True,1.3664547335918646,0.5340787651141797,2.318975539602587
P1,UniProt,davis,moltrans,cold_pair,0.004167;0.031944;0.023611,0.01878611111111111,0.018976162947843836,3,0.019907407407407412,0.027777777777777783,0.014254448442908014,0.0011212962962963008,True,True,1.0490744341795075,0.2162820331252117,1.9526849539205438
P2,UniProt,kiba,coldsite_dti,random,0.018483;0.011374;0.026066,0.022805213270142184,0.022804733930499435,3,0.018641390205371245,0.014691943127962084,0.007347245468709943,0.004163823064770939,True,True,0.8174351107179523,0.49769337823546145,1.1752971883368397
P2,UniProt,kiba,coldsite_dti,cold_drug,0.024528;0.020283;0.015094,0.02272122641509434,0.02280198623376228,3,0.019968553459119496,0.009433962264150945,0.0047248362268291575,0.0027526729559748456,True,True,0.8757374578865679,0.5770934388589908,1.1690177921376474
P2,UniProt,kiba,hyperattentiondti,random,0.017062;0.021801;0.052607,0.022805213270142184,0.022804733930499435,3,0.030489731437598738,0.03554502369668247,0.019299828946083127,0.007684518167456553,True,True,1.3369913251573287,0.6847436272984386,2.2495177699053146
P2,UniProt,kiba,hyperattentiondti,cold_drug,0.018868;0.020283;0.025000,0.02272122641509434,0.02280198623376228,3,0.021383647798742137,0.006132075471698119,0.003210782681865119,0.0013375786163522044,True,True,0.937797592697427,0.7053703100425809,1.1882993456416182
P2,UniProt,kiba,moltrans,random,0.020379;0.052607;0.021801,0.022805213270142184,0.022804733930499435,3,0.031595576619273306,0.03222748815165878,0.018209992104146675,0.008790363349131122,True,True,1.3854832385050038,0.7211706579409503,2.276191305068698
P2,UniProt,kiba,moltrans,cold_drug,0.027830;0.062736;0.016509,0.02272122641509434,0.02280198623376228,3,0.03569182389937107,0.046226415094339626,0.02409511038300695,0.012970597484276727,True,True,1.5652945113405583,0.7042814939074877,2.6950072879837217
S3-D,KLIFS pocket,davis,coldsite_dti,random,0.191143;0.226286;0.238857,0.1425817142857143,0.1425045953925736,3,0.2187619047619048,0.04771428571428571,0.02473093301149489,0.07618019047619048,False,False,1.5351217563142892,1.3554258233596432,1.6910784183063152
S3-D,KLIFS pocket,davis,coldsite_dti,cold_drug,0.300000;0.259429;0.338000,0.1426822857142857,0.1424303096782879,3,0.2991428571428571,0.07857142857142851,0.0392927266468864,0.1564605714285714,False,False,2.1002752701903202,1.8314288649163808,2.357971715751915
S3-D,KLIFS pocket,davis,coldsite_dti,cold_target,0.228358;0.204478;0.295522,0.1396044776119403,0.13976692053958772,3,0.2427860696517413,0.09104477611940295,0.04720603973928163,0.10318159203980098,False,False,1.7370781921389926,1.3999713639835665,2.131336525168251
S3-D,KLIFS pocket,davis,coldsite_dti,cold_pair,0.309859;0.259155;0.245070,0.13581690140845068,0.13657553591700564,3,0.2713615023474178,0.0647887323943662,0.03407558180586677,0.1355446009389671,False,False,1.9868968518074799,1.6859576941649943,2.352890830270813
S3-D,KLIFS pocket,davis,drugban,random,0.144571;0.134286;0.138000,0.1425817142857143,0.1425045953925736,3,0.13895238095238094,0.010285714285714287,0.005208574824333456,0.0036293333333333733,True,True,0.9750729832227026,0.908838719086629,1.0435017787862415
S3-D,KLIFS pocket,davis,drugban,cold_drug,0.151714;0.133143;0.152000,0.1426822857142857,0.1424303096782879,3,0.14561904761904762,0.018857142857142878,0.010805642265127275,0.0029367619047619142,True,True,1.022388057345113,0.9271864511910071,1.1126655944572148
S3-D,KLIFS pocket,davis,drugban,cold_target,0.144776;0.144776;0.144776,0.1396044776119403,0.13976692053958772,3,0.14477611940298507,5.551115123125783e-17,2.7755575615628914e-17,0.005171641791044762,False,False,1.0358396596566535,0.8988042955055245,1.1724617126038979
S3-D,KLIFS pocket,davis,drugban,cold_pair,0.138028;0.133803;0.143662,0.13581690140845068,0.13657553591700564,3,0.1384976525821596,0.009859154929577452,0.0049463163158932994,0.0026807511737089174,True,True,1.0140736527391112,0.8666201510262623,1.1678273444121237
S3-D,KLIFS pocket,davis,hyperattentiondti,random,0.285143;0.213143;0.228571,0.1425817142857143,0.1425045953925736,3,0.2422857142857143,0.07199999999999993,0.03790859037856451,0.09970399999999999,False,False,1.7001957980250553,1.4831102487175334,1.9760300934546216
S3-D,KLIFS pocket,davis,hyperattentiondti,cold_drug,0.199143;0.248857;0.130286,0.1426822857142857,0.1424303096782879,3,0.19276190476190477,0.11857142857142855,0.0595427017638042,0.05007961904761907,True,True,1.353376996773387,0.9427144995582022,1.7297201388996728
S3-D,KLIFS pocket,davis,hyperattentiondti,cold_target,0.156716;0.219403;0.182090,0.1396044776119403,0.13976692053958772,3,0.18606965174129353,0.06268656716417911,0.0315322425422703,0.04646517412935322,True,True,1.331285335778654,1.0766426176926365,1.5965324789012043
S3-D,KLIFS pocket,davis,hyperattentiondti,cold_pair,0.238028;0.143662;0.174648,0.13581690140845068,0.13657553591700564,3,0.18544600938967135,0.0943661971830986,0.04810087704823716,0.049629107981220666,True,True,1.3578274333286406,1.0266334766395655,1.7315777740239409
S3-D,KLIFS pocket,davis,moltrans,random,0.168571;0.182571;0.118857,0.1425817142857143,0.1425045953925736,3,0.15666666666666665,0.06371428571428572,0.03348387773283152,0.014084952380952337,True,True,1.0993797514745347,0.8621156809988838,1.3205623785403748
S3-D,KLIFS pocket,davis,moltrans,cold_drug,0.169429;0.169714;0.123714,0.1426822857142857,0.1424303096782879,3,0.1542857142857143,0.04600000000000001,0.026476019184098178,0.011603428571428598,True,True,1.0832365290379877,0.8852414853316688,1.2720455509432271
S3-D,KLIFS pocket,davis,moltrans,cold_target,0.104478;0.200000;0.222388,0.1396044776119403,0.13976692053958772,3,0.1756218905472637,0.11791044776119403,0.06262138283508686,0.0360174129353234,True,True,1.2565340201333286,0.7721954691517707,1.7028198331287172
S3-D,KLIFS pocket,davis,moltrans,cold_pair,0.091549;0.171831;0.143662,0.13581690140845068,0.13657553591700564,3,0.13568075117370892,0.08028169014084503,0.04073158915820463,0.00013615023474175536,True,True,0.9934484259037396,0.6703087049909808,1.3233626046227958
S3-K,KLIFS pocket,kiba,coldsite_dti,random,0.173333;0.176667;0.147143,0.15097619047619049,0.15155377925823463,3,0.16571428571428573,0.029523809523809535,0.016169454139380614,0.014738095238095245,True,True,1.0934355218679357,0.9682127531214906,1.213907626320005
S3-K,KLIFS pocket,kiba,coldsite_dti,cold_drug,0.194787;0.140284;0.120853,0.15145971563981045,0.15143232023770237,3,0.1519747235387046,0.07393364928909954,0.03832811723430885,0.0005150078988941376,True,True,1.0035818199189632,0.7895937909489947,1.269452968737759
S3-K,KLIFS pocket,kiba,hyperattentiondti,random,0.198571;0.203810;0.220000,0.15097619047619049,0.15155377925823463,3,0.20746031746031746,0.021428571428571408,0.011171040196770088,0.05648412698412697,False,False,1.368889106399801,1.262587914888529,1.4883583040904667
S3-K,KLIFS pocket,kiba,hyperattentiondti,cold_drug,0.163981;0.190995;0.210900,0.15145971563981045,0.15143232023770237,3,0.1886255924170616,0.04691943127962089,0.023549304737070818,0.03716587677725114,True,True,1.245609867965948,1.072535873742431,1.4110392902767965
S3-K,KLIFS pocket,kiba,moltrans,random,0.121905;0.216190;0.146190,0.15097619047619049,0.15155377925823463,3,0.16142857142857145,0.0942857142857143,0.048955067556441835,0.010452380952380963,True,True,1.0651570169920408,0.782880046111967,1.3997186927420637
S3-K,KLIFS pocket,kiba,moltrans,cold_drug,0.171090;0.233175;0.158294,0.15145971563981045,0.15143232023770237,3,0.18751974723538703,0.07488151658767772,0.04005323531616228,0.03606003159557658,True,True,1.2383072975507372,0.9986038211648834,1.525926516068917
S1,UniProt,davis,coldsite_dti_ig,random,0.012894;0.018911;0.031232,0.02034269340974212,0.020393133024714263,3,0.021012416427889206,0.018338108882521492,0.009347885946985345,0.0006697230181470851,True,True,1.0303672516834192,0.6055684752212596,1.5102824673779427
S1,UniProt,davis,coldsite_dti_ig,cold_drug,0.071920;0.062751;0.030372,0.020473065902578795,0.020393133024714263,3,0.05501432664756448,0.041547277936962744,0.021827342257115898,0.03454126074498568,True,True,2.6976888044074974,1.590121170012894,3.5577189298351786
S1,UniProt,davis,coldsite_dti_ig,cold_target,0.073529;0.020588;0.036765,0.019401470588235294,0.019371727130479837,3,0.04362745098039216,0.05294117647058823,0.027129596278473944,0.024225980392156867,True,True,2.252119838697703,1.0052287460870126,3.801656888407496
S1,UniProt,davis,coldsite_dti_ig,cold_pair,0.013889;0.013889;0.015278,0.01878611111111111,0.018976162947843836,3,0.014351851851851852,0.001388888888888891,0.0008018753738744814,0.004434259259259259,False,False,0.7563094758038311,0.18041848740681538,1.5040265239377946
S1,UniProt,davis,moltrans_ig,random,0.019484;0.018052;0.017479,0.02034269340974212,0.020393133024714263,3,0.018338108882521492,0.002005730659025786,0.00103310924798395,0.0020045845272206285,True,False,0.8992296014691659,0.662618787887618,1.1551928363239716
S1,UniProt,davis,moltrans_ig,cold_drug,0.027794;0.024069;0.029513,0.020473065902578795,0.020393133024714263,3,0.027125119388729704,0.0054441260744985676,0.0027829612768545298,0.006652053486150909,False,False,1.330110452173141,1.025986446787352,1.6333806750919793
S1,UniProt,davis,moltrans_ig,cold_target,0.027941;0.030882;0.029412,0.019401470588235294,0.019371727130479837,3,0.029411764705882356,0.002941176470588232,0.001470588235294116,0.010010294117647062,False,False,1.5182830373242937,0.8781928884983413,2.240233504648966
S1,UniProt,davis,moltrans_ig,cold_pair,0.018056;0.023611;0.020833,0.01878611111111111,0.018976162947843836,3,0.020833333333333332,0.00555555555555555,0.0027777777777777753,0.002047222222222221,True,True,1.0978685939087869,0.5265553944350301,1.843089574135784
S1-klifs,KLIFS pocket,davis,coldsite_dti_ig,random,0.267714;0.276571;0.294857,0.1425817142857143,0.1425045953925736,3,0.27971428571428575,0.027142857142857135,0.013841670301473511,0.13713257142857144,False,False,1.9628439696539262,1.7988659966717728,2.1320378525123216
S1-klifs,KLIFS pocket,davis,coldsite_dti_ig,cold_drug,0.352286;0.633714;0.366286,0.1426822857142857,0.1424303096782879,3,0.45076190476190475,0.2814285714285715,0.15859596549757768,0.30807961904761905,False,False,3.164789192553578,2.3982652304261274,4.400584182218362
S1-klifs,KLIFS pocket,davis,coldsite_dti_ig,cold_target,0.341791;0.353731;0.279104,0.1396044776119403,0.13976692053958772,3,0.3248756218905473,0.07462686567164178,0.04008604393728096,0.185271144278607,False,False,2.324409957923693,1.9133972876417742,2.7246675651027408
S1-klifs,KLIFS pocket,davis,coldsite_dti_ig,cold_pair,0.326761;0.264789;0.349296,0.13581690140845068,0.13657553591700564,3,0.3136150234741784,0.08450704225352107,0.043760301212135345,0.17779812206572773,False,False,2.2962752543380565,1.8116943259710736,2.769049595487995
S1-klifs,KLIFS pocket,davis,moltrans_ig,random,0.115714;0.199714;0.187714,0.1425817142857143,0.1425045953925736,3,0.1677142857142857,0.08400000000000002,0.0454312667664022,0.025132571428571393,True,True,1.1769044026423439,0.8432032936636401,1.4435915202266707
S1-klifs,KLIFS pocket,davis,moltrans_ig,cold_drug,0.192857;0.156857;0.146000,0.1426822857142857,0.1424303096782879,3,0.16523809523809527,0.046857142857142875,0.024527091782201114,0.02255580952380956,True,True,1.1601329493092025,0.9860917033220163,1.3539820037505017
S1-klifs,KLIFS pocket,davis,moltrans_ig,cold_target,0.143284;0.170149;0.173134,0.1396044776119403,0.13976692053958772,3,0.16218905472636816,0.029850746268656664,0.016440509096376406,0.02258457711442785,True,True,1.1604251857321957,0.918578414445744,1.4056773288499116
S1-klifs,KLIFS pocket,davis,moltrans_ig,cold_pair,0.104225;0.150704;0.121127,0.13581690140845068,0.13657553591700564,3,0.12535211267605634,0.04647887323943661,0.023525764913366286,0.010464788732394342,True,True,0.9178225941740429,0.666801972036962,1.1878917974992738
S2,UniProt,kiba,hyperattentiondti_ig,random,0.024645;0.063033;0.036967,0.022805213270142184,0.022804733930499435,3,0.041548183254344395,0.038388625592417056,0.019600083641463092,0.01874296998420221,True,True,1.8219104586340797,1.041054942582202,2.861675235170371
S2,UniProt,kiba,hyperattentiondti_ig,cold_drug,0.034906;0.013679;0.081132,0.02272122641509434,0.02280198623376228,3,0.04323899371069182,0.06745283018867924,0.03448991748973941,0.02051776729559748,True,True,1.8962818969984738,0.6313059731840678,3.3903234256456543
S2,UniProt,kiba,moltrans_ig,random,0.019431;0.049763;0.022749,0.022805213270142184,0.022804733930499435,3,0.030647709320695105,0.030331753554502367,0.016637253832124284,0.00784249605055292,True,True,1.3439187413498537,0.7311351726996984,2.1582244604761103
S2,UniProt,kiba,moltrans_ig,cold_drug,0.037736;0.032075;0.024057,0.02272122641509434,0.02280198623376228,3,0.03128930817610063,0.013679245283018865,0.006873425469935343,0.008568081761006287,True,True,1.3722185363734412,0.9715454769128872,1.8467632807029528
S2-klifs,KLIFS pocket,kiba,hyperattentiondti_ig,random,0.301905;0.257619;0.256190,0.15097619047619049,0.15155377925823463,3,0.2719047619047619,0.04571428571428576,0.02599057914094324,0.12092857142857144,False,False,1.7941140315706645,1.5785403138310683,2.031855968785556
S2-klifs,KLIFS pocket,kiba,hyperattentiondti_ig,cold_drug,0.215640;0.218957;0.337441,0.15145971563981045,0.15143232023770237,3,0.25734597156398104,0.1218009478672985,0.06938395100092797,0.10588625592417059,True,True,1.6994124580540446,1.3291621029289231,2.183530321951882
S2-klifs,KLIFS pocket,kiba,moltrans_ig,random,0.148571;0.245714;0.176190,0.15097619047619049,0.15155377925823463,3,0.19015873015873017,0.09714285714285717,0.05005514721445359,0.03918253968253968,True,True,1.2547277348637806,0.9609701420821094,1.5984446253515252
S2-klifs,KLIFS pocket,kiba,moltrans_ig,cold_drug,0.182464;0.177251;0.162085,0.15145971563981045,0.15143232023770237,3,0.17393364928909952,0.020379146919431268,0.010586875783738708,0.02247393364928907,False,False,1.1485900038781482,1.0085262769941596,1.286639810518191
