ground truth,model,readout,level,chance,precision@10
uniprot,coldsite_dti,published,random,0.020,0.015 ± 0.007
uniprot,coldsite_dti,published,cold_drug,0.020,0.022 ± 0.009
uniprot,coldsite_dti,published,cold_target,0.019,0.017 ± 0.002
uniprot,coldsite_dti,published,cold_pair,0.019,0.013 ± 0.005
uniprot,hyperattentiondti,published,random,0.020,0.034 ± 0.006
uniprot,hyperattentiondti,published,cold_drug,0.020,0.040 ± 0.032
uniprot,hyperattentiondti,published,cold_target,0.019,0.025 ± 0.007
uniprot,hyperattentiondti,published,cold_pair,0.019,0.022 ± 0.010
uniprot,moltrans,published,random,0.020,0.021 ± 0.003
uniprot,moltrans,published,cold_drug,0.020,0.026 ± 0.005
uniprot,moltrans,published,cold_target,0.019,0.026 ± 0.013
uniprot,moltrans,published,cold_pair,0.019,0.020 ± 0.014
uniprot,coldsite_dti,selfattn,random,0.020,0.010 ± 0.004
uniprot,coldsite_dti,selfattn,cold_drug,0.020,0.024 ± 0.024
uniprot,coldsite_dti,selfattn,cold_target,0.019,0.022 ± 0.011
uniprot,coldsite_dti,selfattn,cold_pair,0.019,0.017 ± 0.006
uniprot,hyperattentiondti,maxchannel,random,0.020,0.038 ± 0.026
uniprot,hyperattentiondti,maxchannel,cold_drug,0.020,0.057 ± 0.018
uniprot,hyperattentiondti,maxchannel,cold_target,0.019,0.034 ± 0.024
uniprot,hyperattentiondti,maxchannel,cold_pair,0.019,0.031 ± 0.014
uniprot,hyperattentiondti,receptive,random,0.020,0.027 ± 0.006
uniprot,hyperattentiondti,receptive,cold_drug,0.020,0.022 ± 0.020
uniprot,hyperattentiondti,receptive,cold_target,0.019,0.012 ± 0.011
uniprot,hyperattentiondti,receptive,cold_pair,0.019,0.010 ± 0.006
uniprot,moltrans,maxhead,random,0.020,0.021 ± 0.002
uniprot,moltrans,maxhead,cold_drug,0.020,0.028 ± 0.007
uniprot,moltrans,maxhead,cold_target,0.019,0.029 ± 0.013
uniprot,moltrans,maxhead,cold_pair,0.019,0.020 ± 0.014
uniprot,moltrans,firstlayer,random,0.020,0.023 ± 0.004
uniprot,moltrans,firstlayer,cold_drug,0.020,0.018 ± 0.002
uniprot,moltrans,firstlayer,cold_target,0.019,0.023 ± 0.012
uniprot,moltrans,firstlayer,cold_pair,0.019,0.017 ± 0.004
klifs,coldsite_dti,published,random,0.143,0.219 ± 0.025
klifs,coldsite_dti,published,cold_drug,0.143,0.299 ± 0.039
klifs,coldsite_dti,published,cold_target,0.140,0.243 ± 0.047
klifs,coldsite_dti,published,cold_pair,0.136,0.271 ± 0.034
klifs,hyperattentiondti,published,random,0.143,0.242 ± 0.038
klifs,hyperattentiondti,published,cold_drug,0.143,0.192 ± 0.060
klifs,hyperattentiondti,published,cold_target,0.140,0.186 ± 0.032
klifs,hyperattentiondti,published,cold_pair,0.136,0.185 ± 0.048
klifs,moltrans,published,random,0.143,0.157 ± 0.033
klifs,moltrans,published,cold_drug,0.143,0.154 ± 0.026
klifs,moltrans,published,cold_target,0.140,0.176 ± 0.063
klifs,moltrans,published,cold_pair,0.136,0.136 ± 0.041
klifs,coldsite_dti,selfattn,random,0.143,0.238 ± 0.042
klifs,coldsite_dti,selfattn,cold_drug,0.143,0.270 ± 0.053
klifs,coldsite_dti,selfattn,cold_target,0.140,0.268 ± 0.055
klifs,coldsite_dti,selfattn,cold_pair,0.136,0.230 ± 0.062
klifs,hyperattentiondti,maxchannel,random,0.143,0.335 ± 0.027
klifs,hyperattentiondti,maxchannel,cold_drug,0.143,0.377 ± 0.076
klifs,hyperattentiondti,maxchannel,cold_target,0.140,0.367 ± 0.104
klifs,hyperattentiondti,maxchannel,cold_pair,0.136,0.328 ± 0.059
klifs,hyperattentiondti,receptive,random,0.143,0.157 ± 0.048
klifs,hyperattentiondti,receptive,cold_drug,0.143,0.098 ± 0.048
klifs,hyperattentiondti,receptive,cold_target,0.140,0.081 ± 0.046
klifs,hyperattentiondti,receptive,cold_pair,0.136,0.108 ± 0.016
klifs,moltrans,maxhead,random,0.143,0.155 ± 0.035
klifs,moltrans,maxhead,cold_drug,0.143,0.159 ± 0.032
klifs,moltrans,maxhead,cold_target,0.140,0.177 ± 0.062
klifs,moltrans,maxhead,cold_pair,0.136,0.135 ± 0.040
klifs,moltrans,firstlayer,random,0.143,0.173 ± 0.039
klifs,moltrans,firstlayer,cold_drug,0.143,0.160 ± 0.039
klifs,moltrans,firstlayer,cold_target,0.140,0.189 ± 0.015
klifs,moltrans,firstlayer,cold_pair,0.136,0.120 ± 0.015
